[
 {
   "TRD": 1,
   "A": "Pequeñas burbujas. -0 PV",
   "B": "Se apaga. -0PV",
   "C": "Le golpea. -1PV",
   "D": "Le golpea. -2PV",
   "E": "Le golpea. -3PV"
 },
 {
   "TRD": 2,
   "A": "Pequeñas burbujas. -0 PV",
   "B": "Se apaga. -0PV",
   "C": "Le golpea. -1PV",
   "D": "Le golpea. -2PV",
   "E": "Le golpea. -3PV"
 },
 {
   "TRD": 3,
   "A": "Pequeñas burbujas. -0 PV",
   "B": "Se apaga. -0PV",
   "C": "Le golpea. -1PV",
   "D": "Le golpea. -2PV",
   "E": "Le golpea. -3PV"
 },
 {
   "TRD": 4,
   "A": "Pequeñas burbujas. -0 PV",
   "B": "Se apaga. -0PV",
   "C": "Le golpea. -1PV",
   "D": "Le golpea. -2PV",
   "E": "Le golpea. -3PV"
 },
 {
   "TRD": 5,
   "A": "Pequeñas burbujas. -0 PV",
   "B": "Se apaga. -0PV",
   "C": "Le golpea. -1PV",
   "D": "Le golpea. -2PV",
   "E": "Le golpea. -3PV"
 },
 {
   "TRD": 6,
   "A": "Le golpea. -1 PV",
   "B": "Le golpea. -2PV",
   "C": "Le golpea. -3PV",
   "D": "Le golpea. -4PV",
   "E": "Aturdido durante 1 ronda. -3PV"
 },
 {
   "TRD": 7,
   "A": "Le golpea. -1 PV",
   "B": "Le golpea. -2PV",
   "C": "Le golpea. -3PV",
   "D": "Le golpea. -4PV",
   "E": "Aturdido durante 1 ronda. -3PV"
 },
 {
   "TRD": 8,
   "A": "Le golpea. -1 PV",
   "B": "Le golpea. -2PV",
   "C": "Le golpea. -3PV",
   "D": "Le golpea. -4PV",
   "E": "Aturdido durante 1 ronda. -3PV"
 },
 {
   "TRD": 9,
   "A": "Le golpea. -1 PV",
   "B": "Le golpea. -2PV",
   "C": "Le golpea. -3PV",
   "D": "Le golpea. -4PV",
   "E": "Aturdido durante 1 ronda. -3PV"
 },
 {
   "TRD": 10,
   "A": "Le golpea. -1 PV",
   "B": "Le golpea. -2PV",
   "C": "Le golpea. -3PV",
   "D": "Le golpea. -4PV",
   "E": "Aturdido durante 1 ronda. -3PV"
 },
 {
   "TRD": 11,
   "A": "El enemigo pierde la iniciativa para el siguiente asalto. Aterrador",
   "B": "El enemigo da vueltas y pierde la iniciativa para el siguiente asalto. -4 PV",
   "C": "Ráfaga desequilibrante. El enemigo debe defenderse por 1 ronda. -5PV",
   "D": "Ráfaga desequilibrante. El enemigo debe defenderse por 1 ronda. -6PV",
   "E": "Enemigo es aturdido 1 ronda. -5"
 },
 {
   "TRD": 12,
   "A": "El enemigo pierde la iniciativa para el siguiente asalto. Aterrador",
   "B": "El enemigo da vueltas y pierde la iniciativa para el siguiente asalto. -4 PV",
   "C": "Ráfaga desequilibrante. El enemigo debe defenderse por 1 ronda. -5PV",
   "D": "Ráfaga desequilibrante. El enemigo debe defenderse por 1 ronda. -6PV",
   "E": "Enemigo es aturdido 1 ronda. -6"
 },
 {
   "TRD": 13,
   "A": "El enemigo pierde la iniciativa para el siguiente asalto. Aterrador",
   "B": "El enemigo da vueltas y pierde la iniciativa para el siguiente asalto. -4 PV",
   "C": "Ráfaga desequilibrante. El enemigo debe defenderse por 1 ronda. -5PV",
   "D": "Ráfaga desequilibrante. El enemigo debe defenderse por 1 ronda. -6PV",
   "E": "Enemigo es aturdido 1 ronda. -7"
 },
 {
   "TRD": 14,
   "A": "El enemigo pierde la iniciativa para el siguiente asalto. Aterrador",
   "B": "El enemigo da vueltas y pierde la iniciativa para el siguiente asalto. -4 PV",
   "C": "Ráfaga desequilibrante. El enemigo debe defenderse por 1 ronda. -5PV",
   "D": "Ráfaga desequilibrante. El enemigo debe defenderse por 1 ronda. -6PV",
   "E": "Enemigo es aturdido 1 ronda. -8"
 },
 {
   "TRD": 15,
   "A": "El enemigo pierde la iniciativa para el siguiente asalto. Aterrador",
   "B": "El enemigo da vueltas y pierde la iniciativa para el siguiente asalto. -4 PV",
   "C": "Ráfaga desequilibrante. El enemigo debe defenderse por 1 ronda. -5PV",
   "D": "Ráfaga desequilibrante. El enemigo debe defenderse por 1 ronda. -6PV",
   "E": "Enemigo es aturdido 1 ronda. -9"
 },
 {
   "TRD": 16,
   "A": "El enemigo da vueltas y pierde la iniciativa para el siguiente asalto. -5 PV",
   "B": "La explosión desequilibrante fuerza al enemigo a una postura defensiva durante 1 ronda. -5 PV",
   "C": "Ráfaga desequilibrante fuerza al enemigo a defenderse por 1 ronda. -8PV",
   "D": "Quemaduras irritantes fuerzan al enemigo a defenderse durante 1 ronda. -10PV",
   "E": "Chispazo aturde al enemigo por 1 ronda. -10PV"
 },
 {
   "TRD": 17,
   "A": "El enemigo da vueltas y pierde la iniciativa para el siguiente asalto. -5 PV",
   "B": "La explosión desequilibrante fuerza al enemigo a una postura defensiva durante 1 ronda. -5 PV",
   "C": "Ráfaga desequilibrante fuerza al enemigo a defenderse por 1 ronda. -8PV",
   "D": "Quemaduras irritantes fuerzan al enemigo a defenderse durante 1 ronda. -10PV",
   "E": "Chispazo aturde al enemigo por 1 ronda. -10PV"
 },
 {
   "TRD": 18,
   "A": "El enemigo da vueltas y pierde la iniciativa para el siguiente asalto. -5 PV",
   "B": "La explosión desequilibrante fuerza al enemigo a una postura defensiva durante 1 ronda. -5 PV",
   "C": "Ráfaga desequilibrante fuerza al enemigo a defenderse por 1 ronda. -8PV",
   "D": "Quemaduras irritantes fuerzan al enemigo a defenderse durante 1 ronda. -10PV",
   "E": "Chispazo aturde al enemigo por 1 ronda. -10PV"
 },
 {
   "TRD": 19,
   "A": "El enemigo da vueltas y pierde la iniciativa para el siguiente asalto. -5 PV",
   "B": "La explosión desequilibrante fuerza al enemigo a una postura defensiva durante 1 ronda. -5 PV",
   "C": "Ráfaga desequilibrante fuerza al enemigo a defenderse por 1 ronda. -8PV",
   "D": "Quemaduras irritantes fuerzan al enemigo a defenderse durante 1 ronda. -10PV",
   "E": "Chispazo aturde al enemigo por 1 ronda. -10PV"
 },
 {
   "TRD": 20,
   "A": "El enemigo da vueltas y pierde la iniciativa para el siguiente asalto. -5 PV",
   "B": "La explosión desequilibrante fuerza al enemigo a una postura defensiva durante 1 ronda. -5 PV",
   "C": "Ráfaga desequilibrante fuerza al enemigo a defenderse por 1 ronda. -8PV",
   "D": "Quemaduras irritantes fuerzan al enemigo a defenderse durante 1 ronda. -10PV",
   "E": "Chispazo aturde al enemigo por 1 ronda. -10PV"
 },
 {
   "TRD": 21,
   "A": "La ráfaga desequilibrante provoca que el enemigo pierda iniciativa durante 2 rondas. -8 PV",
   "B": "Quemaduras menores. El enemigo debe defenderse durante 1 ronda a -10. -10PV",
   "C": "Ráfaga chispeante obliga al enemigo a defenderse por 1 ronda a -15. -10PV",
   "D": "Una ráfaga fulminante. El enemigo debe defenderse por 1 ronda a -20. -1PV/rnd. -15PV",
   "E": "Fuerte golpe aturde al enemigo 1 ronda. -20PV"
 },
 {
   "TRD": 22,
   "A": "La ráfaga desequilibrante provoca que el enemigo pierda iniciativa durante 2 rondas. -8 PV",
   "B": "Quemaduras menores. El enemigo debe defenderse durante 1 ronda a -10. -10PV",
   "C": "Ráfaga chispeante obliga al enemigo a defenderse por 1 ronda a -15. -10PV",
   "D": "Una ráfaga fulminante. El enemigo debe defenderse por 1 ronda a -20. -1PV/rnd. -15PV",
   "E": "Fuerte golpe aturde al enemigo 1 ronda. -20PV"
 },
 {
   "TRD": 23,
   "A": "La ráfaga desequilibrante provoca que el enemigo pierda iniciativa durante 2 rondas. -8 PV",
   "B": "Quemaduras menores. El enemigo debe defenderse durante 1 ronda a -10. -10PV",
   "C": "Ráfaga chispeante obliga al enemigo a defenderse por 1 ronda a -15. -10PV",
   "D": "Una ráfaga fulminante. El enemigo debe defenderse por 1 ronda a -20. -1PV/rnd. -15PV",
   "E": "Fuerte golpe aturde al enemigo 1 ronda. -20PV"
 },
 {
   "TRD": 24,
   "A": "La ráfaga desequilibrante provoca que el enemigo pierda iniciativa durante 2 rondas. -8 PV",
   "B": "Quemaduras menores. El enemigo debe defenderse durante 1 ronda a -10. -10PV",
   "C": "Ráfaga chispeante obliga al enemigo a defenderse por 1 ronda a -15. -10PV",
   "D": "Una ráfaga fulminante. El enemigo debe defenderse por 1 ronda a -20. -1PV/rnd. -15PV",
   "E": "Fuerte golpe aturde al enemigo 1 ronda. -20PV"
 },
 {
   "TRD": 25,
   "A": "La ráfaga desequilibrante provoca que el enemigo pierda iniciativa durante 2 rondas. -8 PV",
   "B": "Quemaduras menores. El enemigo debe defenderse durante 1 ronda a -10. -10PV",
   "C": "Ráfaga chispeante obliga al enemigo a defenderse por 1 ronda a -15. -10PV",
   "D": "Una ráfaga fulminante. El enemigo debe defenderse por 1 ronda a -20. -1PV/rnd. -15PV",
   "E": "Fuerte golpe aturde al enemigo 1 ronda. -20PV"
 },
 {
   "TRD": 26,
   "A": "La ráfaga desequilibrante provoca que el enemigo pierda iniciativa durante 2 rondas. -8 PV",
   "B": "Quemaduras menores. El enemigo debe defenderse durante 1 ronda a -10. -10PV",
   "C": "Ráfaga chispeante obliga al enemigo a defenderse por 1 ronda a -15. -10PV",
   "D": "Una ráfaga fulminante. El enemigo debe defenderse por 1 ronda a -20. -1PV/rnd. -15PV",
   "E": "Fuerte golpe aturde al enemigo 1 ronda. -20PV"
 },
 {
   "TRD": 27,
   "A": "La ráfaga desequilibrante provoca que el enemigo pierda iniciativa durante 2 rondas. -8 PV",
   "B": "Quemaduras menores. El enemigo debe defenderse durante 1 ronda a -10. -10PV",
   "C": "Ráfaga chispeante obliga al enemigo a defenderse por 1 ronda a -15. -10PV",
   "D": "Una ráfaga fulminante. El enemigo debe defenderse por 1 ronda a -20. -1PV/rnd. -15PV",
   "E": "Fuerte golpe aturde al enemigo 1 ronda. -20PV"
 },
 {
   "TRD": 28,
   "A": "La ráfaga desequilibrante provoca que el enemigo pierda iniciativa durante 2 rondas. -8 PV",
   "B": "Quemaduras menores. El enemigo debe defenderse durante 1 ronda a -10. -10PV",
   "C": "Ráfaga chispeante obliga al enemigo a defenderse por 1 ronda a -15. -10PV",
   "D": "Una ráfaga fulminante. El enemigo debe defenderse por 1 ronda a -20. -1PV/rnd. -15PV",
   "E": "Fuerte golpe aturde al enemigo 1 ronda. -20PV"
 },
 {
   "TRD": 29,
   "A": "La ráfaga desequilibrante provoca que el enemigo pierda iniciativa durante 2 rondas. -8 PV",
   "B": "Quemaduras menores. El enemigo debe defenderse durante 1 ronda a -10. -10PV",
   "C": "Ráfaga chispeante obliga al enemigo a defenderse por 1 ronda a -15. -10PV",
   "D": "Una ráfaga fulminante. El enemigo debe defenderse por 1 ronda a -20. -1PV/rnd. -15PV",
   "E": "Fuerte golpe aturde al enemigo 1 ronda. -20PV"
 },
 {
   "TRD": 30,
   "A": "La ráfaga desequilibrante provoca que el enemigo pierda iniciativa durante 2 rondas. -8 PV",
   "B": "Quemaduras menores. El enemigo debe defenderse durante 1 ronda a -10. -10PV",
   "C": "Ráfaga chispeante obliga al enemigo a defenderse por 1 ronda a -15. -10PV",
   "D": "Una ráfaga fulminante. El enemigo debe defenderse por 1 ronda a -20. -1PV/rnd. -15PV",
   "E": "Fuerte golpe aturde al enemigo 1 ronda. -20PV"
 },
 {
   "TRD": 31,
   "A": "La ráfaga desequilibrante provoca que el enemigo pierda iniciativa durante 2 rondas. -8 PV",
   "B": "Quemaduras menores. El enemigo debe defenderse durante 1 ronda a -10. -10PV",
   "C": "Ráfaga chispeante obliga al enemigo a defenderse por 1 ronda a -15. -10PV",
   "D": "Una ráfaga fulminante. El enemigo debe defenderse por 1 ronda a -20. -1PV/rnd. -15PV",
   "E": "Fuerte golpe aturde al enemigo 1 ronda. -20PV"
 },
 {
   "TRD": 32,
   "A": "La ráfaga desequilibrante provoca que el enemigo pierda iniciativa durante 2 rondas. -8 PV",
   "B": "Quemaduras menores. El enemigo debe defenderse durante 1 ronda a -10. -10PV",
   "C": "Ráfaga chispeante obliga al enemigo a defenderse por 1 ronda a -15. -10PV",
   "D": "Una ráfaga fulminante. El enemigo debe defenderse por 1 ronda a -20. -1PV/rnd. -15PV",
   "E": "Fuerte golpe aturde al enemigo 1 ronda. -20PV"
 },
 {
   "TRD": 33,
   "A": "La ráfaga desequilibrante provoca que el enemigo pierda iniciativa durante 2 rondas. -8 PV",
   "B": "Quemaduras menores. El enemigo debe defenderse durante 1 ronda a -10. -10PV",
   "C": "Ráfaga chispeante obliga al enemigo a defenderse por 1 ronda a -15. -10PV",
   "D": "Una ráfaga fulminante. El enemigo debe defenderse por 1 ronda a -20. -1PV/rnd. -15PV",
   "E": "Fuerte golpe aturde al enemigo 1 ronda. -20PV"
 },
 {
   "TRD": 34,
   "A": "La ráfaga desequilibrante provoca que el enemigo pierda iniciativa durante 2 rondas. -8 PV",
   "B": "Quemaduras menores. El enemigo debe defenderse durante 1 ronda a -10. -10PV",
   "C": "Ráfaga chispeante obliga al enemigo a defenderse por 1 ronda a -15. -10PV",
   "D": "Una ráfaga fulminante. El enemigo debe defenderse por 1 ronda a -20. -1PV/rnd. -15PV",
   "E": "Fuerte golpe aturde al enemigo 1 ronda. -20PV"
 },
 {
   "TRD": 35,
   "A": "La ráfaga desequilibrante provoca que el enemigo pierda iniciativa durante 2 rondas. -8 PV",
   "B": "Quemaduras menores. El enemigo debe defenderse durante 1 ronda a -10. -10PV",
   "C": "Ráfaga chispeante obliga al enemigo a defenderse por 1 ronda a -15. -10PV",
   "D": "Una ráfaga fulminante. El enemigo debe defenderse por 1 ronda a -20. -1PV/rnd. -15PV",
   "E": "Fuerte golpe aturde al enemigo 1 ronda. -20PV"
 },
 {
   "TRD": 36,
   "A": "Las quemaduras fuerzan al enemigo en una postura defensiva durante 1 asalto. -0 PV",
   "B": "El enemigo queda desconcertado y debe defenderse por 1 ronda, y pierde iniciativa por 2 rondas. -9PV",
   "C": "Ráfaga fuerza al enemigo a defenderse por 1 ronda. -1PV/ronda. -15PV",
   "D": "Explosión aturde al enemigo por 1 ronda. -2PV/rnd. -15PV",
   "E": "Golpe a la pierna: Aturdido por 2 turnos. Lucha a -20 si no tiene cobertura en los pies. -20PV"
 },
 {
   "TRD": 37,
   "A": "Las quemaduras fuerzan al enemigo en una postura defensiva durante 1 asalto. -0 PV",
   "B": "El enemigo queda desconcertado y debe defenderse por 1 ronda, y pierde iniciativa por 2 rondas. -9PV",
   "C": "Ráfaga fuerza al enemigo a defenderse por 1 ronda. -1PV/ronda. -15PV",
   "D": "Explosión aturde al enemigo por 1 ronda. -2PV/rnd. -15PV",
   "E": "Golpe a la pierna: Aturdido por 2 turnos. Lucha a -20 si no tiene cobertura en los pies. -20PV"
 },
 {
   "TRD": 38,
   "A": "Las quemaduras fuerzan al enemigo en una postura defensiva durante 1 asalto. -0 PV",
   "B": "El enemigo queda desconcertado y debe defenderse por 1 ronda, y pierde iniciativa por 2 rondas. -9PV",
   "C": "Ráfaga fuerza al enemigo a defenderse por 1 ronda. -1PV/ronda. -15PV",
   "D": "Explosión aturde al enemigo por 1 ronda. -2PV/rnd. -15PV",
   "E": "Golpe a la pierna: Aturdido por 2 turnos. Lucha a -20 si no tiene cobertura en los pies. -20PV"
 },
 {
   "TRD": 39,
   "A": "Las quemaduras fuerzan al enemigo en una postura defensiva durante 1 asalto. -0 PV",
   "B": "El enemigo queda desconcertado y debe defenderse por 1 ronda, y pierde iniciativa por 2 rondas. -9PV",
   "C": "Ráfaga fuerza al enemigo a defenderse por 1 ronda. -1PV/ronda. -15PV",
   "D": "Explosión aturde al enemigo por 1 ronda. -2PV/rnd. -15PV",
   "E": "Golpe a la pierna: Aturdido por 2 turnos. Lucha a -20 si no tiene cobertura en los pies. -20PV"
 },
 {
   "TRD": 40,
   "A": "Las quemaduras fuerzan al enemigo en una postura defensiva durante 1 asalto. -0 PV",
   "B": "El enemigo queda desconcertado y debe defenderse por 1 ronda, y pierde iniciativa por 2 rondas. -9PV",
   "C": "Ráfaga fuerza al enemigo a defenderse por 1 ronda. -1PV/ronda. -15PV",
   "D": "Explosión aturde al enemigo por 1 ronda. -2PV/rnd. -15PV",
   "E": "Golpe a la pierna: Aturdido por 2 turnos. Lucha a -20 si no tiene cobertura en los pies. -20PV"
 },
 {
   "TRD": 41,
   "A": "Las quemaduras fuerzan al enemigo en una postura defensiva durante 1 asalto. -0 PV",
   "B": "El enemigo queda desconcertado y debe defenderse por 1 ronda, y pierde iniciativa por 2 rondas. -9PV",
   "C": "Ráfaga fuerza al enemigo a defenderse por 1 ronda. -1PV/ronda. -15PV",
   "D": "Explosión aturde al enemigo por 1 ronda. -2PV/rnd. -15PV",
   "E": "Golpe a la pierna: Aturdido por 2 turnos. Lucha a -20 si no tiene cobertura en los pies. -20PV"
 },
 {
   "TRD": 42,
   "A": "Las quemaduras fuerzan al enemigo en una postura defensiva durante 1 asalto. -0 PV",
   "B": "El enemigo queda desconcertado y debe defenderse por 1 ronda, y pierde iniciativa por 2 rondas. -9PV",
   "C": "Ráfaga fuerza al enemigo a defenderse por 1 ronda. -1PV/ronda. -15PV",
   "D": "Explosión aturde al enemigo por 1 ronda. -2PV/rnd. -15PV",
   "E": "Golpe a la pierna: Aturdido por 2 turnos. Lucha a -20 si no tiene cobertura en los pies. -20PV"
 },
 {
   "TRD": 43,
   "A": "Las quemaduras fuerzan al enemigo en una postura defensiva durante 1 asalto. -0 PV",
   "B": "El enemigo queda desconcertado y debe defenderse por 1 ronda, y pierde iniciativa por 2 rondas. -9PV",
   "C": "Ráfaga fuerza al enemigo a defenderse por 1 ronda. -1PV/ronda. -15PV",
   "D": "Explosión aturde al enemigo por 1 ronda. -2PV/rnd. -15PV",
   "E": "Golpe a la pierna: Aturdido por 2 turnos. Lucha a -20 si no tiene cobertura en los pies. -20PV"
 },
 {
   "TRD": 44,
   "A": "Las quemaduras fuerzan al enemigo en una postura defensiva durante 1 asalto. -0 PV",
   "B": "El enemigo queda desconcertado y debe defenderse por 1 ronda, y pierde iniciativa por 2 rondas. -9PV",
   "C": "Ráfaga fuerza al enemigo a defenderse por 1 ronda. -1PV/ronda. -15PV",
   "D": "Explosión aturde al enemigo por 1 ronda. -2PV/rnd. -15PV",
   "E": "Golpe a la pierna: Aturdido por 2 turnos. Lucha a -20 si no tiene cobertura en los pies. -20PV"
 },
 {
   "TRD": 45,
   "A": "Las quemaduras fuerzan al enemigo en una postura defensiva durante 1 asalto. -0 PV",
   "B": "El enemigo queda desconcertado y debe defenderse por 1 ronda, y pierde iniciativa por 2 rondas. -9PV",
   "C": "Ráfaga fuerza al enemigo a defenderse por 1 ronda. -1PV/ronda. -15PV",
   "D": "Explosión aturde al enemigo por 1 ronda. -2PV/rnd. -15PV",
   "E": "Golpe a la pierna: Aturdido por 2 turnos. Lucha a -20 si no tiene cobertura en los pies. -20PV"
 },
 {
   "TRD": 46,
   "A": "El enemigo distraído debe defenderse durante 2 rondas. -15 PV",
   "B": "Asombrosa ráfaga aturde al enemigo durante 1 ronda e inflinge 1PV/rnd. -15PV",
   "C": "Ráfaga chisporroteante aturde al enemigo por 1 ronda. -15PV. Añade +5 a tu siguiente tirada.",
   "D": "El enemigo da vueltas.-2PV/rnd. Aturdido por 1 ronda. -25PV",
   "E": "Poderosa ráfaga. Aturdido e incapaz de defenderse por 1 ronda; suela todos los objetos en mano. -25PV"
 },
 {
   "TRD": 47,
   "A": "El enemigo distraído debe defenderse durante 2 rondas. -15 PV",
   "B": "Asombrosa ráfaga aturde al enemigo durante 1 ronda e inflinge 1PV/rnd. -15PV",
   "C": "Ráfaga chisporroteante aturde al enemigo por 1 ronda. -15PV. Añade +5 a tu siguiente tirada.",
   "D": "El enemigo da vueltas.-2PV/rnd. Aturdido por 1 ronda. -25PV",
   "E": "Poderosa ráfaga. Aturdido e incapaz de defenderse por 1 ronda; suela todos los objetos en mano. -25PV"
 },
 {
   "TRD": 48,
   "A": "El enemigo distraído debe defenderse durante 2 rondas. -15 PV",
   "B": "Asombrosa ráfaga aturde al enemigo durante 1 ronda e inflinge 1PV/rnd. -15PV",
   "C": "Ráfaga chisporroteante aturde al enemigo por 1 ronda. -15PV. Añade +5 a tu siguiente tirada.",
   "D": "El enemigo da vueltas.-2PV/rnd. Aturdido por 1 ronda. -25PV",
   "E": "Poderosa ráfaga. Aturdido e incapaz de defenderse por 1 ronda; suela todos los objetos en mano. -25PV"
 },
 {
   "TRD": 49,
   "A": "El enemigo distraído debe defenderse durante 2 rondas. -15 PV",
   "B": "Asombrosa ráfaga aturde al enemigo durante 1 ronda e inflinge 1PV/rnd. -15PV",
   "C": "Ráfaga chisporroteante aturde al enemigo por 1 ronda. -15PV. Añade +5 a tu siguiente tirada.",
   "D": "El enemigo da vueltas.-2PV/rnd. Aturdido por 1 ronda. -25PV",
   "E": "Poderosa ráfaga. Aturdido e incapaz de defenderse por 1 ronda; suela todos los objetos en mano. -25PV"
 },
 {
   "TRD": 50,
   "A": "El enemigo distraído debe defenderse durante 2 rondas. -15 PV",
   "B": "Asombrosa ráfaga aturde al enemigo durante 1 ronda e inflinge 1PV/rnd. -15PV",
   "C": "Ráfaga chisporroteante aturde al enemigo por 1 ronda. -15PV. Añade +5 a tu siguiente tirada.",
   "D": "El enemigo da vueltas.-2PV/rnd. Aturdido por 1 ronda. -25PV",
   "E": "Poderosa ráfaga. Aturdido e incapaz de defenderse por 1 ronda; suela todos los objetos en mano. -25PV"
 },
 {
   "TRD": 51,
   "A": "Las quemaduras aturden al enemigo durante 1 asalto. -10 PV",
   "B": "Ráfaga desbalanceante le causa al enemigo 2PV/rnd. Aturdido por 1 ronda. -12PV",
   "C": "Un duro impacto aturde al enemigo por 1 ronda.-12PV. Añade +5 a tu siguiente tirada.",
   "D": "El enemigo es forzado 1.5m hacia atrás. Aturdido 2 rondas. Añade +5  a tu siguente tirada.",
   "E": "Potente ráfaga incapacita por 1 ronda. Luego queda aturdido e incapaz de defenderse por 2 rondas mas. -3PV por ronda. -20PV"
 },
 {
   "TRD": 52,
   "A": "Las quemaduras aturden al enemigo durante 1 asalto. -10 PV",
   "B": "Ráfaga desbalanceante le causa al enemigo 2PV/rnd. Aturdido por 1 ronda. -12PV",
   "C": "Un duro impacto aturde al enemigo por 1 ronda.-12PV. Añade +5 a tu siguiente tirada.",
   "D": "El enemigo es forzado 1.5m hacia atrás. Aturdido 2 rondas. Añade +5  a tu siguente tirada.",
   "E": "Potente ráfaga incapacita por 1 ronda. Luego queda aturdido e incapaz de defenderse por 2 rondas mas. -3PV por ronda. -20PV"
 },
 {
   "TRD": 53,
   "A": "Las quemaduras aturden al enemigo durante 1 asalto. -10 PV",
   "B": "Ráfaga desbalanceante le causa al enemigo 2PV/rnd. Aturdido por 1 ronda. -12PV",
   "C": "Un duro impacto aturde al enemigo por 1 ronda.-12PV. Añade +5 a tu siguiente tirada.",
   "D": "El enemigo es forzado 1.5m hacia atrás. Aturdido 2 rondas. Añade +5  a tu siguente tirada.",
   "E": "Potente ráfaga incapacita por 1 ronda. Luego queda aturdido e incapaz de defenderse por 2 rondas mas. -3PV por ronda. -20PV"
 },
 {
   "TRD": 54,
   "A": "Las quemaduras aturden al enemigo durante 1 asalto. -10 PV",
   "B": "Ráfaga desbalanceante le causa al enemigo 2PV/rnd. Aturdido por 1 ronda. -12PV",
   "C": "Un duro impacto aturde al enemigo por 1 ronda.-12PV. Añade +5 a tu siguiente tirada.",
   "D": "El enemigo es forzado 1.5m hacia atrás. Aturdido 2 rondas. Añade +5  a tu siguente tirada.",
   "E": "Potente ráfaga incapacita por 1 ronda. Luego queda aturdido e incapaz de defenderse por 2 rondas mas. -3PV por ronda. -20PV"
 },
 {
   "TRD": 55,
   "A": "Las quemaduras aturden al enemigo durante 1 asalto. -10 PV",
   "B": "Ráfaga desbalanceante le causa al enemigo 2PV/rnd. Aturdido por 1 ronda. -12PV",
   "C": "Un duro impacto aturde al enemigo por 1 ronda.-12PV. Añade +5 a tu siguiente tirada.",
   "D": "El enemigo es forzado 1.5m hacia atrás. Aturdido 2 rondas. Añade +5  a tu siguente tirada.",
   "E": "Potente ráfaga incapacita por 1 ronda. Luego queda aturdido e incapaz de defenderse por 2 rondas mas. -3PV por ronda. -20PV"
 },
 {
   "TRD": 56,
   "A": "Ráfaga crepitante aturde al enemigo durante 2 asaltos. -15PV",
   "B": "Ráfaga por la espalda le hace dar vueltas al enemigo. Pierde -2PV/rnd. Todos los objetos metálicos pequeños en la espalda acaban fundidos",
   "C": "El enemigo es lanzado un 1.5m y solo puede defenderse durante 2 rondas. -15PV",
   "D": "Golpe candente. El enemigo queda aturdido e incapaz de defenderse por 1 ronda. Lucha a -10. -15PV",
   "E": "Ráfaga tumba al enemigo. Queda K.O. por 2 turnos. -2PV por ronda y lucha a -10. -25PV"
 },
 {
   "TRD": 57,
   "A": "Ráfaga crepitante aturde al enemigo durante 2 asaltos. -15PV",
   "B": "Ráfaga por la espalda le hace dar vueltas al enemigo. Pierde -2PV/rnd. Todos los objetos metálicos pequeños en la espalda acaban fundidos",
   "C": "El enemigo es lanzado un 1.5m y solo puede defenderse durante 2 rondas. -15PV",
   "D": "Golpe candente. El enemigo queda aturdido e incapaz de defenderse por 1 ronda. Lucha a -10. -15PV",
   "E": "Ráfaga tumba al enemigo. Queda K.O. por 2 turnos. -2PV por ronda y lucha a -10. -25PV"
 },
 {
   "TRD": 58,
   "A": "Ráfaga crepitante aturde al enemigo durante 2 asaltos. -15PV",
   "B": "Ráfaga por la espalda le hace dar vueltas al enemigo. Pierde -2PV/rnd. Todos los objetos metálicos pequeños en la espalda acaban fundidos",
   "C": "El enemigo es lanzado un 1.5m y solo puede defenderse durante 2 rondas. -15PV",
   "D": "Golpe candente. El enemigo queda aturdido e incapaz de defenderse por 1 ronda. Lucha a -10. -15PV",
   "E": "Ráfaga tumba al enemigo. Queda K.O. por 2 turnos. -2PV por ronda y lucha a -10. -25PV"
 },
 {
   "TRD": 59,
   "A": "Ráfaga crepitante aturde al enemigo durante 2 asaltos. -15PV",
   "B": "Ráfaga por la espalda le hace dar vueltas al enemigo. Pierde -2PV/rnd. Todos los objetos metálicos pequeños en la espalda acaban fundidos",
   "C": "El enemigo es lanzado un 1.5m y solo puede defenderse durante 2 rondas. -15PV",
   "D": "Golpe candente. El enemigo queda aturdido e incapaz de defenderse por 1 ronda. Lucha a -10. -15PV",
   "E": "Ráfaga tumba al enemigo. Queda K.O. por 2 turnos. -2PV por ronda y lucha a -10. -25PV"
 },
 {
   "TRD": 60,
   "A": "Ráfaga crepitante aturde al enemigo durante 2 asaltos. -15PV",
   "B": "Ráfaga por la espalda le hace dar vueltas al enemigo. Pierde -2PV/rnd. Todos los objetos metálicos pequeños en la espalda acaban fundidos",
   "C": "El enemigo es lanzado un 1.5m y solo puede defenderse durante 2 rondas. -15PV",
   "D": "Golpe candente. El enemigo queda aturdido e incapaz de defenderse por 1 ronda. Lucha a -10. -15PV",
   "E": "Ráfaga tumba al enemigo. Queda K.O. por 2 turnos. -2PV por ronda y lucha a -10. -25PV"
 },
 {
   "TRD": 61,
   "A": "Poderoso impacto. El enemigo queda aturdido y es incapaz de defenderse durante 1 turno. -15 PV",
   "B": "El impacto causa -2PV/rnd. Aturdido e incapaz de defenderse por 1 ronda. Lucha a -5. -15PV",
   "C": "Golpe a la pierna. Cualquier protección de metal que llevase en la zona es destruida. El enemigo queda aturdido por 2 rondas. -15PV",
   "D": "Ráfaga al brazo del escudo. Si no lleva escudo, ambas armas quedan inutilizadas debido a daño en los nervios. Queda aturdido e incapaz de defenderse por 2 rondas. -15PV; sin escudo -20PV",
   "E": "Golpe preciso derrumba al enemigo. Lucha a -20 y tira los objetos en mano. -25PV"
 },
 {
   "TRD": 62,
   "A": "Poderoso impacto. El enemigo queda aturdido y es incapaz de defenderse durante 1 turno. -15 PV",
   "B": "El impacto causa -2PV/rnd. Aturdido e incapaz de defenderse por 1 ronda. Lucha a -5. -15PV",
   "C": "Golpe a la pierna. Cualquier protección de metal que llevase en la zona es destruida. El enemigo queda aturdido por 2 rondas. -15PV",
   "D": "Ráfaga al brazo del escudo. Si no lleva escudo, ambas armas quedan inutilizadas debido a daño en los nervios. Queda aturdido e incapaz de defenderse por 2 rondas. -15PV; sin escudo -20PV",
   "E": "Golpe preciso derrumba al enemigo. Lucha a -20 y tira los objetos en mano. -25PV"
 },
 {
   "TRD": 63,
   "A": "Poderoso impacto. El enemigo queda aturdido y es incapaz de defenderse durante 1 turno. -15 PV",
   "B": "El impacto causa -2PV/rnd. Aturdido e incapaz de defenderse por 1 ronda. Lucha a -5. -15PV",
   "C": "Golpe a la pierna. Cualquier protección de metal que llevase en la zona es destruida. El enemigo queda aturdido por 2 rondas. -15PV",
   "D": "Ráfaga al brazo del escudo. Si no lleva escudo, ambas armas quedan inutilizadas debido a daño en los nervios. Queda aturdido e incapaz de defenderse por 2 rondas. -15PV; sin escudo -20PV",
   "E": "Golpe preciso derrumba al enemigo. Lucha a -20 y tira los objetos en mano. -25PV"
 },
 {
   "TRD": 64,
   "A": "Poderoso impacto. El enemigo queda aturdido y es incapaz de defenderse durante 1 turno. -15 PV",
   "B": "El impacto causa -2PV/rnd. Aturdido e incapaz de defenderse por 1 ronda. Lucha a -5. -15PV",
   "C": "Golpe a la pierna. Cualquier protección de metal que llevase en la zona es destruida. El enemigo queda aturdido por 2 rondas. -15PV",
   "D": "Ráfaga al brazo del escudo. Si no lleva escudo, ambas armas quedan inutilizadas debido a daño en los nervios. Queda aturdido e incapaz de defenderse por 2 rondas. -15PV; sin escudo -20PV",
   "E": "Golpe preciso derrumba al enemigo. Lucha a -20 y tira los objetos en mano. -25PV"
 },
 {
   "TRD": 65,
   "A": "Poderoso impacto. El enemigo queda aturdido y es incapaz de defenderse durante 1 turno. -15 PV",
   "B": "El impacto causa -2PV/rnd. Aturdido e incapaz de defenderse por 1 ronda. Lucha a -5. -15PV",
   "C": "Golpe a la pierna. Cualquier protección de metal que llevase en la zona es destruida. El enemigo queda aturdido por 2 rondas. -15PV",
   "D": "Ráfaga al brazo del escudo. Si no lleva escudo, ambas armas quedan inutilizadas debido a daño en los nervios. Queda aturdido e incapaz de defenderse por 2 rondas. -15PV; sin escudo -20PV",
   "E": "Golpe preciso derrumba al enemigo. Lucha a -20 y tira los objetos en mano. -25PV"
 },
 {
   "TRD": 66,
   "A": "Ráfaga martilleante destroza el brazo del escudo del enemigo; queda aturdido y no puede defenderse durante 3 rondas. -25 PV",
   "B": "El golpe destroza el arma y hombro del enemigo. Aturdido 3 turnos. -5PV/rnd si lleva una armadura de metal equipada. -20PV",
   "C": "Golpe en el pecho rompe ambos brazos. El enemigo queda incapacitado por 3 rondas. Lucha a -90.",
   "D": "Impacto destroza los tímpanos y mata al enemigo si no lleva casco; si lleva, queda K.O. durante 3 horas",
   "E": "Ataque directo. Golpe quirúrjico hace explotar la cabeza en partículas de materia que se dispersan en el aire. "
 },
 {
   "TRD": 67,
   "A": "Impacto en la espalda; El enemigo queda aturdido e incapaz de defenderse durante 1 turno y pelea con -5 debido a quemaduras. +10 golpes.",
   "B": "Golpe a la espalda. Aturdido e incapaz de defenderse por 1 ronda. Lucha a -5. -14PV",
   "C": "Tras oír un chasquido, ambos brazos acaban rotos. El enemigo queda incapacitado por 3 rondas. Lucha a -90.",
   "D": "Impacto centrado tumba al enemigo; queda noqueado 2 turnos. -20PV. +5 a la siguiente tirada.",
   "E": "Impacto en el brazo del escudo aturde an enemigo por 1 ronda. Si el enemigo lleva escudo, se rompe; si no se rompe su hombro."
 },
 {
   "TRD": 68,
   "A": "Impacto en la espalda; El enemigo queda aturdido e incapaz de defenderse durante 1 turno y pelea con -5 debido a quemaduras. +10 golpes.",
   "B": "Golpe a la espalda. Aturdido e incapaz de defenderse por 1 ronda. Lucha a -5. -14PV",
   "C": "Tras oír un chasquido, ambos brazos acaban rotos. El enemigo queda incapacitado por 3 rondas. Lucha a -90.",
   "D": "Impacto centrado tumba al enemigo; queda noqueado 2 turnos. -20PV. +5 a la siguiente tirada.",
   "E": "Impacto en el brazo del escudo aturde an enemigo por 1 ronda. Si el enemigo lleva escudo, se rompe; si no se rompe su hombro."
 },
 {
   "TRD": 69,
   "A": "Impacto en la espalda; El enemigo queda aturdido e incapaz de defenderse durante 1 turno y pelea con -5 debido a quemaduras. +10 golpes.",
   "B": "Golpe a la espalda. Aturdido e incapaz de defenderse por 1 ronda. Lucha a -5. -14PV",
   "C": "Tras oír un chasquido, ambos brazos acaban rotos. El enemigo queda incapacitado por 3 rondas. Lucha a -90.",
   "D": "Impacto centrado tumba al enemigo; queda noqueado 2 turnos. -20PV. +5 a la siguiente tirada.",
   "E": "Impacto en el brazo del escudo aturde an enemigo por 1 ronda. Si el enemigo lleva escudo, se rompe; si no se rompe su hombro."
 },
 {
   "TRD": 70,
   "A": "Impacto en la espalda; El enemigo queda aturdido e incapaz de defenderse durante 1 turno y pelea con -5 debido a quemaduras. +10 golpes.",
   "B": "Golpe a la espalda. Aturdido e incapaz de defenderse por 1 ronda. Lucha a -5. -14PV",
   "C": "Tras oír un chasquido, ambos brazos acaban rotos. El enemigo queda incapacitado por 3 rondas. Lucha a -90.",
   "D": "Impacto centrado tumba al enemigo; queda noqueado 2 turnos. -20PV. +5 a la siguiente tirada.",
   "E": "Impacto en el brazo del escudo aturde an enemigo por 1 ronda. Si el enemigo lleva escudo, se rompe; si no se rompe su hombro."
 },
 {
   "TRD": 71,
   "A": "Impacto en la mitad del cuerpo; El enemigo queda aturdido y no puede defenderse durante 1 turno y lucha con -10. -15PV",
   "B": "Golpe al costado. Aturdido por 2 turnos e incapaz de defenderse durante los próximos 3 turnos. -3PV/rnd. -25PV",
   "C": "Impacto en la espalda. El enemigo queda incapacitado 1 ronda y aturdido otras 2. Lucha a -10 debido a daños en los nervios.",
   "D": "Golpe veloz rompe el arma del escudo. Aturdido por 2 rondas. -15PV",
   "E": "Impacto entumecedor. Los brazos quedan inutilizados debido a daños en el nervio. Lucha a -25."
 },
 {
   "TRD": 72,
   "A": "Impacto en la mitad del cuerpo; El enemigo queda aturdido y no puede defenderse durante 1 turno y lucha con -10. -15PV",
   "B": "Golpe al costado. Aturdido por 2 turnos e incapaz de defenderse durante los próximos 3 turnos. -3PV/rnd. -25PV",
   "C": "Impacto en la espalda. El enemigo queda incapacitado 1 ronda y aturdido otras 2. Lucha a -10 debido a daños en los nervios.",
   "D": "Golpe veloz rompe el arma del escudo. Aturdido por 2 rondas. -15PV",
   "E": "Impacto entumecedor. Los brazos quedan inutilizados debido a daños en el nervio. Lucha a -25."
 },
 {
   "TRD": 73,
   "A": "Impacto en la mitad del cuerpo; El enemigo queda aturdido y no puede defenderse durante 1 turno y lucha con -10. -15PV",
   "B": "Golpe al costado. Aturdido por 2 turnos e incapaz de defenderse durante los próximos 3 turnos. -3PV/rnd. -25PV",
   "C": "Impacto en la espalda. El enemigo queda incapacitado 1 ronda y aturdido otras 2. Lucha a -10 debido a daños en los nervios.",
   "D": "Golpe veloz rompe el arma del escudo. Aturdido por 2 rondas. -15PV",
   "E": "Impacto entumecedor. Los brazos quedan inutilizados debido a daños en el nervio. Lucha a -25."
 },
 {
   "TRD": 74,
   "A": "Impacto en la mitad del cuerpo; El enemigo queda aturdido y no puede defenderse durante 1 turno y lucha con -10. -15PV",
   "B": "Golpe al costado. Aturdido por 2 turnos e incapaz de defenderse durante los próximos 3 turnos. -3PV/rnd. -25PV",
   "C": "Impacto en la espalda. El enemigo queda incapacitado 1 ronda y aturdido otras 2. Lucha a -10 debido a daños en los nervios.",
   "D": "Golpe veloz rompe el arma del escudo. Aturdido por 2 rondas. -15PV",
   "E": "Impacto entumecedor. Los brazos quedan inutilizados debido a daños en el nervio. Lucha a -25."
 },
 {
   "TRD": 75,
   "A": "Impacto en la mitad del cuerpo; El enemigo queda aturdido y no puede defenderse durante 1 turno y lucha con -10. -15PV",
   "B": "Golpe al costado. Aturdido por 2 turnos e incapaz de defenderse durante los próximos 3 turnos. -3PV/rnd. -25PV",
   "C": "Impacto en la espalda. El enemigo queda incapacitado 1 ronda y aturdido otras 2. Lucha a -10 debido a daños en los nervios.",
   "D": "Golpe veloz rompe el arma del escudo. Aturdido por 2 rondas. -15PV",
   "E": "Impacto entumecedor. Los brazos quedan inutilizados debido a daños en el nervio. Lucha a -25."
 },
 {
   "TRD": 76,
   "A": "Golpe débil al abdomen. El enemigo queda aturdido durante 3 rondas y no puede defenderse la siguiente ronda. -20PV",
   "B": "Impacto a los pies derrumba al enemigo. El enemigo esta caído y fuera de combate durante 2 rondas y pierde -3PV/rnd. -15PV",
   "C": "Golpe noquea al enemigo. Queda incapacitado por 2 rondas y lucha a -15 debido a sangrado interno. -15PV",
   "D": "Impacto rompe el brazo del arma. El enemigo lucha a -20. Aturdido por 2 rondas. -15PV",
   "E": "Impresionante impacto en el pecho aturde al enemigo por 10 rondas y lo noquea al suelo. Lucha a -30. -30PV"
 },
 {
   "TRD": 77,
   "A": "Golpe débil al abdomen. El enemigo queda aturdido durante 3 rondas y no puede defenderse la siguiente ronda. -20PV",
   "B": "Impacto a los pies derrumba al enemigo. El enemigo esta caído y fuera de combate durante 2 rondas y pierde -3PV/rnd. -15PV",
   "C": "Golpe noquea al enemigo. Queda incapacitado por 2 rondas y lucha a -15 debido a sangrado interno. -15PV",
   "D": "Impacto rompe el brazo del arma. El enemigo lucha a -20. Aturdido por 2 rondas. -15PV",
   "E": "Impresionante impacto en el pecho aturde al enemigo por 10 rondas y lo noquea al suelo. Lucha a -30. -30PV"
 },
 {
   "TRD": 78,
   "A": "Golpe débil al abdomen. El enemigo queda aturdido durante 3 rondas y no puede defenderse la siguiente ronda. -20PV",
   "B": "Impacto a los pies derrumba al enemigo. El enemigo esta caído y fuera de combate durante 2 rondas y pierde -3PV/rnd. -15PV",
   "C": "Golpe noquea al enemigo. Queda incapacitado por 2 rondas y lucha a -15 debido a sangrado interno. -15PV",
   "D": "Impacto rompe el brazo del arma. El enemigo lucha a -20. Aturdido por 2 rondas. -15PV",
   "E": "Impresionante impacto en el pecho aturde al enemigo por 10 rondas y lo noquea al suelo. Lucha a -30. -30PV"
 },
 {
   "TRD": 79,
   "A": "Golpe débil al abdomen. El enemigo queda aturdido durante 3 rondas y no puede defenderse la siguiente ronda. -20PV",
   "B": "Impacto a los pies derrumba al enemigo. El enemigo esta caído y fuera de combate durante 2 rondas y pierde -3PV/rnd. -15PV",
   "C": "Golpe noquea al enemigo. Queda incapacitado por 2 rondas y lucha a -15 debido a sangrado interno. -15PV",
   "D": "Impacto rompe el brazo del arma. El enemigo lucha a -20. Aturdido por 2 rondas. -15PV",
   "E": "Impresionante impacto en el pecho aturde al enemigo por 10 rondas y lo noquea al suelo. Lucha a -30. -30PV"
 },
 {
   "TRD": 80,
   "A": "Golpe débil al abdomen. El enemigo queda aturdido durante 3 rondas y no puede defenderse la siguiente ronda. -20PV",
   "B": "Impacto a los pies derrumba al enemigo. El enemigo esta caído y fuera de combate durante 2 rondas y pierde -3PV/rnd. -15PV",
   "C": "Golpe noquea al enemigo. Queda incapacitado por 2 rondas y lucha a -15 debido a sangrado interno. -15PV",
   "D": "Impacto rompe el brazo del arma. El enemigo lucha a -20. Aturdido por 2 rondas. -15PV",
   "E": "Impresionante impacto en el pecho aturde al enemigo por 10 rondas y lo noquea al suelo. Lucha a -30. -30PV"
 },
 {
   "TRD": 81,
   "A": "Desgarrador golpe a la espalda rompe costillas y larte cartílagos. El enemigo queda aturdido y no puede defenderse durante 1 turno, y pelea con -25. -15PV",
   "B": "Golpe horizontal fractura costillas y quema piel. Aturdido durante 2 turnos. Lucha a -25. -3PV/rnd debido a quemaduras. -15PV",
   "C": "Ráfaga abrasa la piel creando ampollas. El enemigo queda aturdido durante 2 rondas, lucha a -25, y pierde -3PV/rnd. -20PV",
   "D": "El enemigo intenta desviar el impacto con sus manos. El pobre infeliz se queda K.O. durante 3 rondas y sufre -3PV por turno. -25PV",
   "E": "Golpe lateral se abre paso entre órganos. El enemigo muere después de 6 dolorosas rondas de inactividad. -35PV"
 },
 {
   "TRD": 82,
   "A": "Desgarrador golpe a la espalda rompe costillas y larte cartílagos. El enemigo queda aturdido y no puede defenderse durante 1 turno, y pelea con -25. -15PV",
   "B": "Golpe horizontal fractura costillas y quema piel. Aturdido durante 2 turnos. Lucha a -25. -3PV/rnd debido a quemaduras. -15PV",
   "C": "Ráfaga abrasa la piel creando ampollas. El enemigo queda aturdido durante 2 rondas, lucha a -25, y pierde -3PV/rnd. -20PV",
   "D": "El enemigo intenta desviar el impacto con sus manos. El pobre infeliz se queda K.O. durante 3 rondas y sufre -3PV por turno. -25PV",
   "E": "Golpe lateral se abre paso entre órganos. El enemigo muere después de 6 dolorosas rondas de inactividad. -35PV"
 },
 {
   "TRD": 83,
   "A": "Desgarrador golpe a la espalda rompe costillas y larte cartílagos. El enemigo queda aturdido y no puede defenderse durante 1 turno, y pelea con -25. -15PV",
   "B": "Golpe horizontal fractura costillas y quema piel. Aturdido durante 2 turnos. Lucha a -25. -3PV/rnd debido a quemaduras. -15PV",
   "C": "Ráfaga abrasa la piel creando ampollas. El enemigo queda aturdido durante 2 rondas, lucha a -25, y pierde -3PV/rnd. -20PV",
   "D": "El enemigo intenta desviar el impacto con sus manos. El pobre infeliz se queda K.O. durante 3 rondas y sufre -3PV por turno. -25PV",
   "E": "Golpe lateral se abre paso entre órganos. El enemigo muere después de 6 dolorosas rondas de inactividad. -35PV"
 },
 {
   "TRD": 84,
   "A": "Desgarrador golpe a la espalda rompe costillas y larte cartílagos. El enemigo queda aturdido y no puede defenderse durante 1 turno, y pelea con -25. -15PV",
   "B": "Golpe horizontal fractura costillas y quema piel. Aturdido durante 2 turnos. Lucha a -25. -3PV/rnd debido a quemaduras. -15PV",
   "C": "Ráfaga abrasa la piel creando ampollas. El enemigo queda aturdido durante 2 rondas, lucha a -25, y pierde -3PV/rnd. -20PV",
   "D": "El enemigo intenta desviar el impacto con sus manos. El pobre infeliz se queda K.O. durante 3 rondas y sufre -3PV por turno. -25PV",
   "E": "Golpe lateral se abre paso entre órganos. El enemigo muere después de 6 dolorosas rondas de inactividad. -35PV"
 },
 {
   "TRD": 85,
   "A": "Desgarrador golpe a la espalda rompe costillas y larte cartílagos. El enemigo queda aturdido y no puede defenderse durante 1 turno, y pelea con -25. -15PV",
   "B": "Golpe horizontal fractura costillas y quema piel. Aturdido durante 2 turnos. Lucha a -25. -3PV/rnd debido a quemaduras. -15PV",
   "C": "Ráfaga abrasa la piel creando ampollas. El enemigo queda aturdido durante 2 rondas, lucha a -25, y pierde -3PV/rnd. -20PV",
   "D": "El enemigo intenta desviar el impacto con sus manos. El pobre infeliz se queda K.O. durante 3 rondas y sufre -3PV por turno. -25PV",
   "E": "Golpe lateral se abre paso entre órganos. El enemigo muere después de 6 dolorosas rondas de inactividad. -35PV"
 },
 {
   "TRD": 86,
   "A": "Una ráfaga brutal derriba al enemigo. Aturdido durante 2 rondas. El enemigo pelea a -50. -15PV",
   "B": "Golpe a la pantorrilla quema el músculo. Aturdido 3 rondas. Lucha a -50. -25PV",
   "C": "Impacto quiebra la cadera. El enemigo lucha a -40 y es aturdido por 3 rondas. -20PV",
   "D": "Impacto estruja el abdómen. El enemigo muere en 4 rondas. -25PV",
   "E": "Golpe de calor, la espina dorsal es derretida y el enemigo muere de shock masivo en 3 rondas. -35PV"
 },
 {
   "TRD": 87,
   "A": "Una ráfaga brutal derriba al enemigo. Aturdido durante 2 rondas. El enemigo pelea a -50. -15PV",
   "B": "Golpe a la pantorrilla quema el músculo. Aturdido 3 rondas. Lucha a -50. -25PV",
   "C": "Impacto quiebra la cadera. El enemigo lucha a -40 y es aturdido por 3 rondas. -20PV",
   "D": "Impacto estruja el abdómen. El enemigo muere en 4 rondas. -25PV",
   "E": "Golpe de calor, la espina dorsal es derretida y el enemigo muere de shock masivo en 3 rondas. -35PV"
 },
 {
   "TRD": 88,
   "A": "Una ráfaga brutal derriba al enemigo. Aturdido durante 2 rondas. El enemigo pelea a -50. -15PV",
   "B": "Golpe a la pantorrilla quema el músculo. Aturdido 3 rondas. Lucha a -50. -25PV",
   "C": "Impacto quiebra la cadera. El enemigo lucha a -40 y es aturdido por 3 rondas. -20PV",
   "D": "Impacto estruja el abdómen. El enemigo muere en 4 rondas. -25PV",
   "E": "Golpe de calor, la espina dorsal es derretida y el enemigo muere de shock masivo en 3 rondas. -35PV"
 },
 {
   "TRD": 89,
   "A": "Una ráfaga brutal derriba al enemigo. Aturdido durante 2 rondas. El enemigo pelea a -50. -15PV",
   "B": "Golpe a la pantorrilla quema el músculo. Aturdido 3 rondas. Lucha a -50. -25PV",
   "C": "Impacto quiebra la cadera. El enemigo lucha a -40 y es aturdido por 3 rondas. -20PV",
   "D": "Impacto estruja el abdómen. El enemigo muere en 4 rondas. -25PV",
   "E": "Golpe de calor, la espina dorsal es derretida y el enemigo muere de shock masivo en 3 rondas. -35PV"
 },
 {
   "TRD": 90,
   "A": "Una ráfaga brutal derriba al enemigo. Aturdido durante 2 rondas. El enemigo pelea a -50. -15PV",
   "B": "Golpe a la pantorrilla quema el músculo. Aturdido 3 rondas. Lucha a -50. -25PV",
   "C": "Impacto quiebra la cadera. El enemigo lucha a -40 y es aturdido por 3 rondas. -20PV",
   "D": "Impacto estruja el abdómen. El enemigo muere en 4 rondas. -25PV",
   "E": "Golpe de calor, la espina dorsal es derretida y el enemigo muere de shock masivo en 3 rondas. -35PV"
 },
 {
   "TRD": 91,
   "A": "Un golpe aplastante le rompe la cadera. El enemigo pelea a -50 y queda aturdido durante 3 rondas. -25PV",
   "B": "Golpe a la sién. Si el enemigo lleva yelmo es enviado a un coma permanente; si no, muere.-30PV ",
   "C": "El golpe retuerce y rompe la cadera. El enemigo pierde -5PV/rnd y lucha a -60. -25PV",
   "D": "Fragmentos incandescentes de mandíbulallegan al cerebro del enemigo. El enemigo muere en 3 rondas. -55PV",
   "E": "Shock pulsa través del sistema nervioso del enemigo. El enemigo muere en 6 rondas. -35PV"
 },
 {
   "TRD": 92,
   "A": "Un golpe aplastante le rompe la cadera. El enemigo pelea a -50 y queda aturdido durante 3 rondas. -25PV",
   "B": "Golpe a la sién. Si el enemigo lleva yelmo es enviado a un coma permanente; si no, muere.-30PV ",
   "C": "El golpe retuerce y rompe la cadera. El enemigo pierde -5PV/rnd y lucha a -60. -25PV",
   "D": "Fragmentos incandescentes de mandíbulallegan al cerebro del enemigo. El enemigo muere en 3 rondas. -55PV",
   "E": "Shock pulsa través del sistema nervioso del enemigo. El enemigo muere en 6 rondas. -35PV"
 },
 {
   "TRD": 93,
   "A": "Un golpe aplastante le rompe la cadera. El enemigo pelea a -50 y queda aturdido durante 3 rondas. -25PV",
   "B": "Golpe a la sién. Si el enemigo lleva yelmo es enviado a un coma permanente; si no, muere.-30PV ",
   "C": "El golpe retuerce y rompe la cadera. El enemigo pierde -5PV/rnd y lucha a -60. -25PV",
   "D": "Fragmentos incandescentes de mandíbulallegan al cerebro del enemigo. El enemigo muere en 3 rondas. -55PV",
   "E": "Shock pulsa través del sistema nervioso del enemigo. El enemigo muere en 6 rondas. -35PV"
 },
 {
   "TRD": 94,
   "A": "Un golpe aplastante le rompe la cadera. El enemigo pelea a -50 y queda aturdido durante 3 rondas. -25PV",
   "B": "Golpe a la sién. Si el enemigo lleva yelmo es enviado a un coma permanente; si no, muere.-30PV ",
   "C": "El golpe retuerce y rompe la cadera. El enemigo pierde -5PV/rnd y lucha a -60. -25PV",
   "D": "Fragmentos incandescentes de mandíbulallegan al cerebro del enemigo. El enemigo muere en 3 rondas. -55PV",
   "E": "Shock pulsa través del sistema nervioso del enemigo. El enemigo muere en 6 rondas. -35PV"
 },
 {
   "TRD": 95,
   "A": "Un golpe aplastante le rompe la cadera. El enemigo pelea a -50 y queda aturdido durante 3 rondas. -25PV",
   "B": "Golpe a la sién. Si el enemigo lleva yelmo es enviado a un coma permanente; si no, muere.-30PV ",
   "C": "El golpe retuerce y rompe la cadera. El enemigo pierde -5PV/rnd y lucha a -60. -25PV",
   "D": "Fragmentos incandescentes de mandíbulallegan al cerebro del enemigo. El enemigo muere en 3 rondas. -55PV",
   "E": "Shock pulsa través del sistema nervioso del enemigo. El enemigo muere en 6 rondas. -35PV"
 },
 {
   "TRD": 96,
   "A": "El golpe hace contacto con la cabeza y el cuello. Si el enemigo tiene el yelmo, queda noqueado; si no, muere en 3 rondas. -25PV",
   "B": "El golpe en forma de cuña secciona la tráquea. El enemigo muere en 12 rondas. -30PV",
   "C": "Los pies del enemigo son engullidos. El enemigo es incapacitado durante 9 rondas. -6PV/rnd. Lucha a -75. -25PV",
   "D": "Al enemigo se le lleva de plasma los pulmones. El enemigo muere en 1 turno. -25PV",
   "E": "El cuerpo del enemigo es una humeante, arruinada pulpa. Añade  +20 a tu siguiente tirada."
 },
 {
   "TRD": 97,
   "A": "El golpe hace contacto con la cabeza y el cuello. Si el enemigo tiene el yelmo, queda noqueado; si no, muere en 3 rondas. -25PV",
   "B": "El golpe en forma de cuña secciona la tráquea. El enemigo muere en 12 rondas. -30PV",
   "C": "Los pies del enemigo son engullidos. El enemigo es incapacitado durante 9 rondas. -6PV/rnd. Lucha a -75. -25PV",
   "D": "Al enemigo se le lleva de plasma los pulmones. El enemigo muere en 1 turno. -25PV",
   "E": "El cuerpo del enemigo es una humeante, arruinada pulpa. Añade  +20 a tu siguiente tirada."
 },
 {
   "TRD": 98,
   "A": "El golpe hace contacto con la cabeza y el cuello. Si el enemigo tiene el yelmo, queda noqueado; si no, muere en 3 rondas. -25PV",
   "B": "El golpe en forma de cuña secciona la tráquea. El enemigo muere en 12 rondas. -30PV",
   "C": "Los pies del enemigo son engullidos. El enemigo es incapacitado durante 9 rondas. -6PV/rnd. Lucha a -75. -25PV",
   "D": "Al enemigo se le lleva de plasma los pulmones. El enemigo muere en 1 turno. -25PV",
   "E": "El cuerpo del enemigo es una humeante, arruinada pulpa. Añade  +20 a tu siguiente tirada."
 },
 {
   "TRD": 99,
   "A": "El golpe hace contacto con la cabeza y el cuello. Si el enemigo tiene el yelmo, queda noqueado; si no, muere en 3 rondas. -25PV",
   "B": "El golpe en forma de cuña secciona la tráquea. El enemigo muere en 12 rondas. -30PV",
   "C": "Los pies del enemigo son engullidos. El enemigo es incapacitado durante 9 rondas. -6PV/rnd. Lucha a -75. -25PV",
   "D": "Al enemigo se le lleva de plasma los pulmones. El enemigo muere en 1 turno. -25PV",
   "E": "El cuerpo del enemigo es una humeante, arruinada pulpa. Añade  +20 a tu siguiente tirada."
 },
 {
   "TRD": 100,
   "A": "Golpe en la cabeza. Si el enemigo tiene el yelmo, queda noqueado; si no, muere en 3 turnos debido a shock y fracturas. -30PV",
   "B": "La ráfaga marchita todo por debajo del cuello el enemigo queda tetrapléjico permanentemente. -40PV. Añade +10 a tu siguiente tirada.",
   "C": "Una ráfaga chisporroteante pasa a través de ambos ojos hasta el cerebro, matando al enemigo.",
   "D": "Los pulmones y corazón del enemigo se queman e implosionan. -30PV. Añade +25 a tu siguiente rol.",
   "E": "El infortunado enemigo es reducido a un charco fundido. Trae una fregona."
 }
]