﻿TRD;A;B;C;D;E
1;Pequeñas burbujas. -0 PV;Se apaga. -0PV;Le golpea. -1PV;Le golpea. -2PV;Le golpea. -3PV
2;Pequeñas burbujas. -0 PV;Se apaga. -0PV;Le golpea. -1PV;Le golpea. -2PV;Le golpea. -3PV
3;Pequeñas burbujas. -0 PV;Se apaga. -0PV;Le golpea. -1PV;Le golpea. -2PV;Le golpea. -3PV
4;Pequeñas burbujas. -0 PV;Se apaga. -0PV;Le golpea. -1PV;Le golpea. -2PV;Le golpea. -3PV
5;Pequeñas burbujas. -0 PV;Se apaga. -0PV;Le golpea. -1PV;Le golpea. -2PV;Le golpea. -3PV
6;Le golpea. -1 PV;Le golpea. -2PV;Le golpea. -3PV;Le golpea. -4PV;Aturdido durante 1 ronda. -3PV
7;Le golpea. -1 PV;Le golpea. -2PV;Le golpea. -3PV;Le golpea. -4PV;Aturdido durante 1 ronda. -3PV
8;Le golpea. -1 PV;Le golpea. -2PV;Le golpea. -3PV;Le golpea. -4PV;Aturdido durante 1 ronda. -3PV
9;Le golpea. -1 PV;Le golpea. -2PV;Le golpea. -3PV;Le golpea. -4PV;Aturdido durante 1 ronda. -3PV
10;Le golpea. -1 PV;Le golpea. -2PV;Le golpea. -3PV;Le golpea. -4PV;Aturdido durante 1 ronda. -3PV
11;El enemigo pierde la iniciativa para el siguiente asalto. Aterrador;El enemigo da vueltas y pierde la iniciativa para el siguiente asalto. -4 PV;Ráfaga desequilibrante. El enemigo debe defenderse por 1 ronda. -5PV;Ráfaga desequilibrante. El enemigo debe defenderse por 1 ronda. -6PV;Enemigo es aturdido 1 ronda. -5
12;El enemigo pierde la iniciativa para el siguiente asalto. Aterrador;El enemigo da vueltas y pierde la iniciativa para el siguiente asalto. -4 PV;Ráfaga desequilibrante. El enemigo debe defenderse por 1 ronda. -5PV;Ráfaga desequilibrante. El enemigo debe defenderse por 1 ronda. -6PV;Enemigo es aturdido 1 ronda. -6
13;El enemigo pierde la iniciativa para el siguiente asalto. Aterrador;El enemigo da vueltas y pierde la iniciativa para el siguiente asalto. -4 PV;Ráfaga desequilibrante. El enemigo debe defenderse por 1 ronda. -5PV;Ráfaga desequilibrante. El enemigo debe defenderse por 1 ronda. -6PV;Enemigo es aturdido 1 ronda. -7
14;El enemigo pierde la iniciativa para el siguiente asalto. Aterrador;El enemigo da vueltas y pierde la iniciativa para el siguiente asalto. -4 PV;Ráfaga desequilibrante. El enemigo debe defenderse por 1 ronda. -5PV;Ráfaga desequilibrante. El enemigo debe defenderse por 1 ronda. -6PV;Enemigo es aturdido 1 ronda. -8
15;El enemigo pierde la iniciativa para el siguiente asalto. Aterrador;El enemigo da vueltas y pierde la iniciativa para el siguiente asalto. -4 PV;Ráfaga desequilibrante. El enemigo debe defenderse por 1 ronda. -5PV;Ráfaga desequilibrante. El enemigo debe defenderse por 1 ronda. -6PV;Enemigo es aturdido 1 ronda. -9
16;El enemigo da vueltas y pierde la iniciativa para el siguiente asalto. -5 PV;La explosión desequilibrante fuerza al enemigo a una postura defensiva durante 1 ronda. -5 PV;Ráfaga desequilibrante fuerza al enemigo a defenderse por 1 ronda. -8PV;Quemaduras irritantes fuerzan al enemigo a defenderse durante 1 ronda. -10PV;Chispazo aturde al enemigo por 1 ronda. -10PV
17;El enemigo da vueltas y pierde la iniciativa para el siguiente asalto. -5 PV;La explosión desequilibrante fuerza al enemigo a una postura defensiva durante 1 ronda. -5 PV;Ráfaga desequilibrante fuerza al enemigo a defenderse por 1 ronda. -8PV;Quemaduras irritantes fuerzan al enemigo a defenderse durante 1 ronda. -10PV;Chispazo aturde al enemigo por 1 ronda. -10PV
18;El enemigo da vueltas y pierde la iniciativa para el siguiente asalto. -5 PV;La explosión desequilibrante fuerza al enemigo a una postura defensiva durante 1 ronda. -5 PV;Ráfaga desequilibrante fuerza al enemigo a defenderse por 1 ronda. -8PV;Quemaduras irritantes fuerzan al enemigo a defenderse durante 1 ronda. -10PV;Chispazo aturde al enemigo por 1 ronda. -10PV
19;El enemigo da vueltas y pierde la iniciativa para el siguiente asalto. -5 PV;La explosión desequilibrante fuerza al enemigo a una postura defensiva durante 1 ronda. -5 PV;Ráfaga desequilibrante fuerza al enemigo a defenderse por 1 ronda. -8PV;Quemaduras irritantes fuerzan al enemigo a defenderse durante 1 ronda. -10PV;Chispazo aturde al enemigo por 1 ronda. -10PV
20;El enemigo da vueltas y pierde la iniciativa para el siguiente asalto. -5 PV;La explosión desequilibrante fuerza al enemigo a una postura defensiva durante 1 ronda. -5 PV;Ráfaga desequilibrante fuerza al enemigo a defenderse por 1 ronda. -8PV;Quemaduras irritantes fuerzan al enemigo a defenderse durante 1 ronda. -10PV;Chispazo aturde al enemigo por 1 ronda. -10PV
21;La ráfaga desequilibrante provoca que el enemigo pierda iniciativa durante 2 rondas. -8 PV;Quemaduras menores. El enemigo debe defenderse durante 1 ronda a -10. -10PV;Ráfaga chispeante obliga al enemigo a defenderse por 1 ronda a -15. -10PV;Una ráfaga fulminante. El enemigo debe defenderse por 1 ronda a -20. -1PV/rnd. -15PV;Fuerte golpe aturde al enemigo 1 ronda. -20PV
22;La ráfaga desequilibrante provoca que el enemigo pierda iniciativa durante 2 rondas. -8 PV;Quemaduras menores. El enemigo debe defenderse durante 1 ronda a -10. -10PV;Ráfaga chispeante obliga al enemigo a defenderse por 1 ronda a -15. -10PV;Una ráfaga fulminante. El enemigo debe defenderse por 1 ronda a -20. -1PV/rnd. -15PV;Fuerte golpe aturde al enemigo 1 ronda. -20PV
23;La ráfaga desequilibrante provoca que el enemigo pierda iniciativa durante 2 rondas. -8 PV;Quemaduras menores. El enemigo debe defenderse durante 1 ronda a -10. -10PV;Ráfaga chispeante obliga al enemigo a defenderse por 1 ronda a -15. -10PV;Una ráfaga fulminante. El enemigo debe defenderse por 1 ronda a -20. -1PV/rnd. -15PV;Fuerte golpe aturde al enemigo 1 ronda. -20PV
24;La ráfaga desequilibrante provoca que el enemigo pierda iniciativa durante 2 rondas. -8 PV;Quemaduras menores. El enemigo debe defenderse durante 1 ronda a -10. -10PV;Ráfaga chispeante obliga al enemigo a defenderse por 1 ronda a -15. -10PV;Una ráfaga fulminante. El enemigo debe defenderse por 1 ronda a -20. -1PV/rnd. -15PV;Fuerte golpe aturde al enemigo 1 ronda. -20PV
25;La ráfaga desequilibrante provoca que el enemigo pierda iniciativa durante 2 rondas. -8 PV;Quemaduras menores. El enemigo debe defenderse durante 1 ronda a -10. -10PV;Ráfaga chispeante obliga al enemigo a defenderse por 1 ronda a -15. -10PV;Una ráfaga fulminante. El enemigo debe defenderse por 1 ronda a -20. -1PV/rnd. -15PV;Fuerte golpe aturde al enemigo 1 ronda. -20PV
26;La ráfaga desequilibrante provoca que el enemigo pierda iniciativa durante 2 rondas. -8 PV;Quemaduras menores. El enemigo debe defenderse durante 1 ronda a -10. -10PV;Ráfaga chispeante obliga al enemigo a defenderse por 1 ronda a -15. -10PV;Una ráfaga fulminante. El enemigo debe defenderse por 1 ronda a -20. -1PV/rnd. -15PV;Fuerte golpe aturde al enemigo 1 ronda. -20PV
27;La ráfaga desequilibrante provoca que el enemigo pierda iniciativa durante 2 rondas. -8 PV;Quemaduras menores. El enemigo debe defenderse durante 1 ronda a -10. -10PV;Ráfaga chispeante obliga al enemigo a defenderse por 1 ronda a -15. -10PV;Una ráfaga fulminante. El enemigo debe defenderse por 1 ronda a -20. -1PV/rnd. -15PV;Fuerte golpe aturde al enemigo 1 ronda. -20PV
28;La ráfaga desequilibrante provoca que el enemigo pierda iniciativa durante 2 rondas. -8 PV;Quemaduras menores. El enemigo debe defenderse durante 1 ronda a -10. -10PV;Ráfaga chispeante obliga al enemigo a defenderse por 1 ronda a -15. -10PV;Una ráfaga fulminante. El enemigo debe defenderse por 1 ronda a -20. -1PV/rnd. -15PV;Fuerte golpe aturde al enemigo 1 ronda. -20PV
29;La ráfaga desequilibrante provoca que el enemigo pierda iniciativa durante 2 rondas. -8 PV;Quemaduras menores. El enemigo debe defenderse durante 1 ronda a -10. -10PV;Ráfaga chispeante obliga al enemigo a defenderse por 1 ronda a -15. -10PV;Una ráfaga fulminante. El enemigo debe defenderse por 1 ronda a -20. -1PV/rnd. -15PV;Fuerte golpe aturde al enemigo 1 ronda. -20PV
30;La ráfaga desequilibrante provoca que el enemigo pierda iniciativa durante 2 rondas. -8 PV;Quemaduras menores. El enemigo debe defenderse durante 1 ronda a -10. -10PV;Ráfaga chispeante obliga al enemigo a defenderse por 1 ronda a -15. -10PV;Una ráfaga fulminante. El enemigo debe defenderse por 1 ronda a -20. -1PV/rnd. -15PV;Fuerte golpe aturde al enemigo 1 ronda. -20PV
31;La ráfaga desequilibrante provoca que el enemigo pierda iniciativa durante 2 rondas. -8 PV;Quemaduras menores. El enemigo debe defenderse durante 1 ronda a -10. -10PV;Ráfaga chispeante obliga al enemigo a defenderse por 1 ronda a -15. -10PV;Una ráfaga fulminante. El enemigo debe defenderse por 1 ronda a -20. -1PV/rnd. -15PV;Fuerte golpe aturde al enemigo 1 ronda. -20PV
32;La ráfaga desequilibrante provoca que el enemigo pierda iniciativa durante 2 rondas. -8 PV;Quemaduras menores. El enemigo debe defenderse durante 1 ronda a -10. -10PV;Ráfaga chispeante obliga al enemigo a defenderse por 1 ronda a -15. -10PV;Una ráfaga fulminante. El enemigo debe defenderse por 1 ronda a -20. -1PV/rnd. -15PV;Fuerte golpe aturde al enemigo 1 ronda. -20PV
33;La ráfaga desequilibrante provoca que el enemigo pierda iniciativa durante 2 rondas. -8 PV;Quemaduras menores. El enemigo debe defenderse durante 1 ronda a -10. -10PV;Ráfaga chispeante obliga al enemigo a defenderse por 1 ronda a -15. -10PV;Una ráfaga fulminante. El enemigo debe defenderse por 1 ronda a -20. -1PV/rnd. -15PV;Fuerte golpe aturde al enemigo 1 ronda. -20PV
34;La ráfaga desequilibrante provoca que el enemigo pierda iniciativa durante 2 rondas. -8 PV;Quemaduras menores. El enemigo debe defenderse durante 1 ronda a -10. -10PV;Ráfaga chispeante obliga al enemigo a defenderse por 1 ronda a -15. -10PV;Una ráfaga fulminante. El enemigo debe defenderse por 1 ronda a -20. -1PV/rnd. -15PV;Fuerte golpe aturde al enemigo 1 ronda. -20PV
35;La ráfaga desequilibrante provoca que el enemigo pierda iniciativa durante 2 rondas. -8 PV;Quemaduras menores. El enemigo debe defenderse durante 1 ronda a -10. -10PV;Ráfaga chispeante obliga al enemigo a defenderse por 1 ronda a -15. -10PV;Una ráfaga fulminante. El enemigo debe defenderse por 1 ronda a -20. -1PV/rnd. -15PV;Fuerte golpe aturde al enemigo 1 ronda. -20PV
36;Las quemaduras fuerzan al enemigo en una postura defensiva durante 1 asalto. -0 PV;El enemigo queda desconcertado y debe defenderse por 1 ronda, y pierde iniciativa por 2 rondas. -9PV;Ráfaga fuerza al enemigo a defenderse por 1 ronda. -1PV/ronda. -15PV;Explosión aturde al enemigo por 1 ronda. -2PV/rnd. -15PV;Golpe a la pierna: Aturdido por 2 turnos. Lucha a -20 si no tiene cobertura en los pies. -20PV
37;Las quemaduras fuerzan al enemigo en una postura defensiva durante 1 asalto. -0 PV;El enemigo queda desconcertado y debe defenderse por 1 ronda, y pierde iniciativa por 2 rondas. -9PV;Ráfaga fuerza al enemigo a defenderse por 1 ronda. -1PV/ronda. -15PV;Explosión aturde al enemigo por 1 ronda. -2PV/rnd. -15PV;Golpe a la pierna: Aturdido por 2 turnos. Lucha a -20 si no tiene cobertura en los pies. -20PV
38;Las quemaduras fuerzan al enemigo en una postura defensiva durante 1 asalto. -0 PV;El enemigo queda desconcertado y debe defenderse por 1 ronda, y pierde iniciativa por 2 rondas. -9PV;Ráfaga fuerza al enemigo a defenderse por 1 ronda. -1PV/ronda. -15PV;Explosión aturde al enemigo por 1 ronda. -2PV/rnd. -15PV;Golpe a la pierna: Aturdido por 2 turnos. Lucha a -20 si no tiene cobertura en los pies. -20PV
39;Las quemaduras fuerzan al enemigo en una postura defensiva durante 1 asalto. -0 PV;El enemigo queda desconcertado y debe defenderse por 1 ronda, y pierde iniciativa por 2 rondas. -9PV;Ráfaga fuerza al enemigo a defenderse por 1 ronda. -1PV/ronda. -15PV;Explosión aturde al enemigo por 1 ronda. -2PV/rnd. -15PV;Golpe a la pierna: Aturdido por 2 turnos. Lucha a -20 si no tiene cobertura en los pies. -20PV
40;Las quemaduras fuerzan al enemigo en una postura defensiva durante 1 asalto. -0 PV;El enemigo queda desconcertado y debe defenderse por 1 ronda, y pierde iniciativa por 2 rondas. -9PV;Ráfaga fuerza al enemigo a defenderse por 1 ronda. -1PV/ronda. -15PV;Explosión aturde al enemigo por 1 ronda. -2PV/rnd. -15PV;Golpe a la pierna: Aturdido por 2 turnos. Lucha a -20 si no tiene cobertura en los pies. -20PV
41;Las quemaduras fuerzan al enemigo en una postura defensiva durante 1 asalto. -0 PV;El enemigo queda desconcertado y debe defenderse por 1 ronda, y pierde iniciativa por 2 rondas. -9PV;Ráfaga fuerza al enemigo a defenderse por 1 ronda. -1PV/ronda. -15PV;Explosión aturde al enemigo por 1 ronda. -2PV/rnd. -15PV;Golpe a la pierna: Aturdido por 2 turnos. Lucha a -20 si no tiene cobertura en los pies. -20PV
42;Las quemaduras fuerzan al enemigo en una postura defensiva durante 1 asalto. -0 PV;El enemigo queda desconcertado y debe defenderse por 1 ronda, y pierde iniciativa por 2 rondas. -9PV;Ráfaga fuerza al enemigo a defenderse por 1 ronda. -1PV/ronda. -15PV;Explosión aturde al enemigo por 1 ronda. -2PV/rnd. -15PV;Golpe a la pierna: Aturdido por 2 turnos. Lucha a -20 si no tiene cobertura en los pies. -20PV
43;Las quemaduras fuerzan al enemigo en una postura defensiva durante 1 asalto. -0 PV;El enemigo queda desconcertado y debe defenderse por 1 ronda, y pierde iniciativa por 2 rondas. -9PV;Ráfaga fuerza al enemigo a defenderse por 1 ronda. -1PV/ronda. -15PV;Explosión aturde al enemigo por 1 ronda. -2PV/rnd. -15PV;Golpe a la pierna: Aturdido por 2 turnos. Lucha a -20 si no tiene cobertura en los pies. -20PV
44;Las quemaduras fuerzan al enemigo en una postura defensiva durante 1 asalto. -0 PV;El enemigo queda desconcertado y debe defenderse por 1 ronda, y pierde iniciativa por 2 rondas. -9PV;Ráfaga fuerza al enemigo a defenderse por 1 ronda. -1PV/ronda. -15PV;Explosión aturde al enemigo por 1 ronda. -2PV/rnd. -15PV;Golpe a la pierna: Aturdido por 2 turnos. Lucha a -20 si no tiene cobertura en los pies. -20PV
45;Las quemaduras fuerzan al enemigo en una postura defensiva durante 1 asalto. -0 PV;El enemigo queda desconcertado y debe defenderse por 1 ronda, y pierde iniciativa por 2 rondas. -9PV;Ráfaga fuerza al enemigo a defenderse por 1 ronda. -1PV/ronda. -15PV;Explosión aturde al enemigo por 1 ronda. -2PV/rnd. -15PV;Golpe a la pierna: Aturdido por 2 turnos. Lucha a -20 si no tiene cobertura en los pies. -20PV
46;El enemigo distraído debe defenderse durante 2 rondas. -15 PV;Asombrosa ráfaga aturde al enemigo durante 1 ronda e inflinge 1PV/rnd. -15PV;Ráfaga chisporroteante aturde al enemigo por 1 ronda. -15PV. Añade +5 a tu siguiente tirada.;El enemigo da vueltas.-2PV/rnd. Aturdido por 1 ronda. -25PV;"Poderosa ráfaga. Aturdido e incapaz de defenderse por 1 ronda; suela todos los objetos en mano. -25PV"
47;El enemigo distraído debe defenderse durante 2 rondas. -15 PV;Asombrosa ráfaga aturde al enemigo durante 1 ronda e inflinge 1PV/rnd. -15PV;Ráfaga chisporroteante aturde al enemigo por 1 ronda. -15PV. Añade +5 a tu siguiente tirada.;El enemigo da vueltas.-2PV/rnd. Aturdido por 1 ronda. -25PV;"Poderosa ráfaga. Aturdido e incapaz de defenderse por 1 ronda; suela todos los objetos en mano. -25PV"
48;El enemigo distraído debe defenderse durante 2 rondas. -15 PV;Asombrosa ráfaga aturde al enemigo durante 1 ronda e inflinge 1PV/rnd. -15PV;Ráfaga chisporroteante aturde al enemigo por 1 ronda. -15PV. Añade +5 a tu siguiente tirada.;El enemigo da vueltas.-2PV/rnd. Aturdido por 1 ronda. -25PV;"Poderosa ráfaga. Aturdido e incapaz de defenderse por 1 ronda; suela todos los objetos en mano. -25PV"
49;El enemigo distraído debe defenderse durante 2 rondas. -15 PV;Asombrosa ráfaga aturde al enemigo durante 1 ronda e inflinge 1PV/rnd. -15PV;Ráfaga chisporroteante aturde al enemigo por 1 ronda. -15PV. Añade +5 a tu siguiente tirada.;El enemigo da vueltas.-2PV/rnd. Aturdido por 1 ronda. -25PV;"Poderosa ráfaga. Aturdido e incapaz de defenderse por 1 ronda; suela todos los objetos en mano. -25PV"
50;El enemigo distraído debe defenderse durante 2 rondas. -15 PV;Asombrosa ráfaga aturde al enemigo durante 1 ronda e inflinge 1PV/rnd. -15PV;Ráfaga chisporroteante aturde al enemigo por 1 ronda. -15PV. Añade +5 a tu siguiente tirada.;El enemigo da vueltas.-2PV/rnd. Aturdido por 1 ronda. -25PV;"Poderosa ráfaga. Aturdido e incapaz de defenderse por 1 ronda; suela todos los objetos en mano. -25PV"
51;Las quemaduras aturden al enemigo durante 1 asalto. -10 PV;Ráfaga desbalanceante le causa al enemigo 2PV/rnd. Aturdido por 1 ronda. -12PV;Un duro impacto aturde al enemigo por 1 ronda.-12PV. Añade +5 a tu siguiente tirada.;El enemigo es forzado 1.5m hacia atrás. Aturdido 2 rondas. Añade +5  a tu siguente tirada.;Potente ráfaga incapacita por 1 ronda. Luego queda aturdido e incapaz de defenderse por 2 rondas mas. -3PV por ronda. -20PV
52;Las quemaduras aturden al enemigo durante 1 asalto. -10 PV;Ráfaga desbalanceante le causa al enemigo 2PV/rnd. Aturdido por 1 ronda. -12PV;Un duro impacto aturde al enemigo por 1 ronda.-12PV. Añade +5 a tu siguiente tirada.;El enemigo es forzado 1.5m hacia atrás. Aturdido 2 rondas. Añade +5  a tu siguente tirada.;Potente ráfaga incapacita por 1 ronda. Luego queda aturdido e incapaz de defenderse por 2 rondas mas. -3PV por ronda. -20PV
53;Las quemaduras aturden al enemigo durante 1 asalto. -10 PV;Ráfaga desbalanceante le causa al enemigo 2PV/rnd. Aturdido por 1 ronda. -12PV;Un duro impacto aturde al enemigo por 1 ronda.-12PV. Añade +5 a tu siguiente tirada.;El enemigo es forzado 1.5m hacia atrás. Aturdido 2 rondas. Añade +5  a tu siguente tirada.;Potente ráfaga incapacita por 1 ronda. Luego queda aturdido e incapaz de defenderse por 2 rondas mas. -3PV por ronda. -20PV
54;Las quemaduras aturden al enemigo durante 1 asalto. -10 PV;Ráfaga desbalanceante le causa al enemigo 2PV/rnd. Aturdido por 1 ronda. -12PV;Un duro impacto aturde al enemigo por 1 ronda.-12PV. Añade +5 a tu siguiente tirada.;El enemigo es forzado 1.5m hacia atrás. Aturdido 2 rondas. Añade +5  a tu siguente tirada.;Potente ráfaga incapacita por 1 ronda. Luego queda aturdido e incapaz de defenderse por 2 rondas mas. -3PV por ronda. -20PV
55;Las quemaduras aturden al enemigo durante 1 asalto. -10 PV;Ráfaga desbalanceante le causa al enemigo 2PV/rnd. Aturdido por 1 ronda. -12PV;Un duro impacto aturde al enemigo por 1 ronda.-12PV. Añade +5 a tu siguiente tirada.;El enemigo es forzado 1.5m hacia atrás. Aturdido 2 rondas. Añade +5  a tu siguente tirada.;Potente ráfaga incapacita por 1 ronda. Luego queda aturdido e incapaz de defenderse por 2 rondas mas. -3PV por ronda. -20PV
56;Ráfaga crepitante aturde al enemigo durante 2 asaltos. -15PV;Ráfaga por la espalda le hace dar vueltas al enemigo. Pierde -2PV/rnd. Todos los objetos metálicos pequeños en la espalda acaban fundidos;El enemigo es lanzado un 1.5m y solo puede defenderse durante 2 rondas. -15PV;Golpe candente. El enemigo queda aturdido e incapaz de defenderse por 1 ronda. Lucha a -10. -15PV;Ráfaga tumba al enemigo. Queda K.O. por 2 turnos. -2PV por ronda y lucha a -10. -25PV
57;Ráfaga crepitante aturde al enemigo durante 2 asaltos. -15PV;Ráfaga por la espalda le hace dar vueltas al enemigo. Pierde -2PV/rnd. Todos los objetos metálicos pequeños en la espalda acaban fundidos;El enemigo es lanzado un 1.5m y solo puede defenderse durante 2 rondas. -15PV;Golpe candente. El enemigo queda aturdido e incapaz de defenderse por 1 ronda. Lucha a -10. -15PV;Ráfaga tumba al enemigo. Queda K.O. por 2 turnos. -2PV por ronda y lucha a -10. -25PV
58;Ráfaga crepitante aturde al enemigo durante 2 asaltos. -15PV;Ráfaga por la espalda le hace dar vueltas al enemigo. Pierde -2PV/rnd. Todos los objetos metálicos pequeños en la espalda acaban fundidos;El enemigo es lanzado un 1.5m y solo puede defenderse durante 2 rondas. -15PV;Golpe candente. El enemigo queda aturdido e incapaz de defenderse por 1 ronda. Lucha a -10. -15PV;Ráfaga tumba al enemigo. Queda K.O. por 2 turnos. -2PV por ronda y lucha a -10. -25PV
59;Ráfaga crepitante aturde al enemigo durante 2 asaltos. -15PV;Ráfaga por la espalda le hace dar vueltas al enemigo. Pierde -2PV/rnd. Todos los objetos metálicos pequeños en la espalda acaban fundidos;El enemigo es lanzado un 1.5m y solo puede defenderse durante 2 rondas. -15PV;Golpe candente. El enemigo queda aturdido e incapaz de defenderse por 1 ronda. Lucha a -10. -15PV;Ráfaga tumba al enemigo. Queda K.O. por 2 turnos. -2PV por ronda y lucha a -10. -25PV
60;Ráfaga crepitante aturde al enemigo durante 2 asaltos. -15PV;Ráfaga por la espalda le hace dar vueltas al enemigo. Pierde -2PV/rnd. Todos los objetos metálicos pequeños en la espalda acaban fundidos;El enemigo es lanzado un 1.5m y solo puede defenderse durante 2 rondas. -15PV;Golpe candente. El enemigo queda aturdido e incapaz de defenderse por 1 ronda. Lucha a -10. -15PV;Ráfaga tumba al enemigo. Queda K.O. por 2 turnos. -2PV por ronda y lucha a -10. -25PV
61;Poderoso impacto. El enemigo queda aturdido y es incapaz de defenderse durante 1 turno. -15 PV;El impacto causa -2PV/rnd. Aturdido e incapaz de defenderse por 1 ronda. Lucha a -5. -15PV;Golpe a la pierna. Cualquier protección de metal que llevase en la zona es destruida. El enemigo queda aturdido por 2 rondas. -15PV;"Ráfaga al brazo del escudo. Si no lleva escudo, ambas armas quedan inutilizadas debido a daño en los nervios. Queda aturdido e incapaz de defenderse por 2 rondas. -15PV; sin escudo -20PV";Golpe preciso derrumba al enemigo. Lucha a -20 y tira los objetos en mano. -25PV
62;Poderoso impacto. El enemigo queda aturdido y es incapaz de defenderse durante 1 turno. -15 PV;El impacto causa -2PV/rnd. Aturdido e incapaz de defenderse por 1 ronda. Lucha a -5. -15PV;Golpe a la pierna. Cualquier protección de metal que llevase en la zona es destruida. El enemigo queda aturdido por 2 rondas. -15PV;"Ráfaga al brazo del escudo. Si no lleva escudo, ambas armas quedan inutilizadas debido a daño en los nervios. Queda aturdido e incapaz de defenderse por 2 rondas. -15PV; sin escudo -20PV";Golpe preciso derrumba al enemigo. Lucha a -20 y tira los objetos en mano. -25PV
63;Poderoso impacto. El enemigo queda aturdido y es incapaz de defenderse durante 1 turno. -15 PV;El impacto causa -2PV/rnd. Aturdido e incapaz de defenderse por 1 ronda. Lucha a -5. -15PV;Golpe a la pierna. Cualquier protección de metal que llevase en la zona es destruida. El enemigo queda aturdido por 2 rondas. -15PV;"Ráfaga al brazo del escudo. Si no lleva escudo, ambas armas quedan inutilizadas debido a daño en los nervios. Queda aturdido e incapaz de defenderse por 2 rondas. -15PV; sin escudo -20PV";Golpe preciso derrumba al enemigo. Lucha a -20 y tira los objetos en mano. -25PV
64;Poderoso impacto. El enemigo queda aturdido y es incapaz de defenderse durante 1 turno. -15 PV;El impacto causa -2PV/rnd. Aturdido e incapaz de defenderse por 1 ronda. Lucha a -5. -15PV;Golpe a la pierna. Cualquier protección de metal que llevase en la zona es destruida. El enemigo queda aturdido por 2 rondas. -15PV;"Ráfaga al brazo del escudo. Si no lleva escudo, ambas armas quedan inutilizadas debido a daño en los nervios. Queda aturdido e incapaz de defenderse por 2 rondas. -15PV; sin escudo -20PV";Golpe preciso derrumba al enemigo. Lucha a -20 y tira los objetos en mano. -25PV
65;Poderoso impacto. El enemigo queda aturdido y es incapaz de defenderse durante 1 turno. -15 PV;El impacto causa -2PV/rnd. Aturdido e incapaz de defenderse por 1 ronda. Lucha a -5. -15PV;Golpe a la pierna. Cualquier protección de metal que llevase en la zona es destruida. El enemigo queda aturdido por 2 rondas. -15PV;"Ráfaga al brazo del escudo. Si no lleva escudo, ambas armas quedan inutilizadas debido a daño en los nervios. Queda aturdido e incapaz de defenderse por 2 rondas. -15PV; sin escudo -20PV";Golpe preciso derrumba al enemigo. Lucha a -20 y tira los objetos en mano. -25PV
66;"Ráfaga martilleante destroza el brazo del escudo del enemigo; queda aturdido y no puede defenderse durante 3 rondas. -25 PV";El golpe destroza el arma y hombro del enemigo. Aturdido 3 turnos. -5PV/rnd si lleva una armadura de metal equipada. -20PV;Golpe en el pecho rompe ambos brazos. El enemigo queda incapacitado por 3 rondas. Lucha a -90.;"Impacto destroza los tímpanos y mata al enemigo si no lleva casco; si lleva, queda K.O. durante 3 horas";Ataque directo. Golpe quirúrjico hace explotar la cabeza en partículas de materia que se dispersan en el aire. 
67;"Impacto en la espalda; El enemigo queda aturdido e incapaz de defenderse durante 1 turno y pelea con -5 debido a quemaduras. +10 golpes.";Golpe a la espalda. Aturdido e incapaz de defenderse por 1 ronda. Lucha a -5. -14PV;Tras oír un chasquido, ambos brazos acaban rotos. El enemigo queda incapacitado por 3 rondas. Lucha a -90.;"Impacto centrado tumba al enemigo; queda noqueado 2 turnos. -20PV. +5 a la siguiente tirada.";"Impacto en el brazo del escudo aturde an enemigo por 1 ronda. Si el enemigo lleva escudo, se rompe; si no se rompe su hombro."
68;"Impacto en la espalda; El enemigo queda aturdido e incapaz de defenderse durante 1 turno y pelea con -5 debido a quemaduras. +10 golpes.";Golpe a la espalda. Aturdido e incapaz de defenderse por 1 ronda. Lucha a -5. -14PV;Tras oír un chasquido, ambos brazos acaban rotos. El enemigo queda incapacitado por 3 rondas. Lucha a -90.;"Impacto centrado tumba al enemigo; queda noqueado 2 turnos. -20PV. +5 a la siguiente tirada.";"Impacto en el brazo del escudo aturde an enemigo por 1 ronda. Si el enemigo lleva escudo, se rompe; si no se rompe su hombro."
69;"Impacto en la espalda; El enemigo queda aturdido e incapaz de defenderse durante 1 turno y pelea con -5 debido a quemaduras. +10 golpes.";Golpe a la espalda. Aturdido e incapaz de defenderse por 1 ronda. Lucha a -5. -14PV;Tras oír un chasquido, ambos brazos acaban rotos. El enemigo queda incapacitado por 3 rondas. Lucha a -90.;"Impacto centrado tumba al enemigo; queda noqueado 2 turnos. -20PV. +5 a la siguiente tirada.";"Impacto en el brazo del escudo aturde an enemigo por 1 ronda. Si el enemigo lleva escudo, se rompe; si no se rompe su hombro."
70;"Impacto en la espalda; El enemigo queda aturdido e incapaz de defenderse durante 1 turno y pelea con -5 debido a quemaduras. +10 golpes.";Golpe a la espalda. Aturdido e incapaz de defenderse por 1 ronda. Lucha a -5. -14PV;Tras oír un chasquido, ambos brazos acaban rotos. El enemigo queda incapacitado por 3 rondas. Lucha a -90.;"Impacto centrado tumba al enemigo; queda noqueado 2 turnos. -20PV. +5 a la siguiente tirada.";"Impacto en el brazo del escudo aturde an enemigo por 1 ronda. Si el enemigo lleva escudo, se rompe; si no se rompe su hombro."
71;"Impacto en la mitad del cuerpo; El enemigo queda aturdido y no puede defenderse durante 1 turno y lucha con -10. -15PV";Golpe al costado. Aturdido por 2 turnos e incapaz de defenderse durante los próximos 3 turnos. -3PV/rnd. -25PV;Impacto en la espalda. El enemigo queda incapacitado 1 ronda y aturdido otras 2. Lucha a -10 debido a daños en los nervios.;Golpe veloz rompe el arma del escudo. Aturdido por 2 rondas. -15PV;Impacto entumecedor. Los brazos quedan inutilizados debido a daños en el nervio. Lucha a -25.
72;"Impacto en la mitad del cuerpo; El enemigo queda aturdido y no puede defenderse durante 1 turno y lucha con -10. -15PV";Golpe al costado. Aturdido por 2 turnos e incapaz de defenderse durante los próximos 3 turnos. -3PV/rnd. -25PV;Impacto en la espalda. El enemigo queda incapacitado 1 ronda y aturdido otras 2. Lucha a -10 debido a daños en los nervios.;Golpe veloz rompe el arma del escudo. Aturdido por 2 rondas. -15PV;Impacto entumecedor. Los brazos quedan inutilizados debido a daños en el nervio. Lucha a -25.
73;"Impacto en la mitad del cuerpo; El enemigo queda aturdido y no puede defenderse durante 1 turno y lucha con -10. -15PV";Golpe al costado. Aturdido por 2 turnos e incapaz de defenderse durante los próximos 3 turnos. -3PV/rnd. -25PV;Impacto en la espalda. El enemigo queda incapacitado 1 ronda y aturdido otras 2. Lucha a -10 debido a daños en los nervios.;Golpe veloz rompe el arma del escudo. Aturdido por 2 rondas. -15PV;Impacto entumecedor. Los brazos quedan inutilizados debido a daños en el nervio. Lucha a -25.
74;"Impacto en la mitad del cuerpo; El enemigo queda aturdido y no puede defenderse durante 1 turno y lucha con -10. -15PV";Golpe al costado. Aturdido por 2 turnos e incapaz de defenderse durante los próximos 3 turnos. -3PV/rnd. -25PV;Impacto en la espalda. El enemigo queda incapacitado 1 ronda y aturdido otras 2. Lucha a -10 debido a daños en los nervios.;Golpe veloz rompe el arma del escudo. Aturdido por 2 rondas. -15PV;Impacto entumecedor. Los brazos quedan inutilizados debido a daños en el nervio. Lucha a -25.
75;"Impacto en la mitad del cuerpo; El enemigo queda aturdido y no puede defenderse durante 1 turno y lucha con -10. -15PV";Golpe al costado. Aturdido por 2 turnos e incapaz de defenderse durante los próximos 3 turnos. -3PV/rnd. -25PV;Impacto en la espalda. El enemigo queda incapacitado 1 ronda y aturdido otras 2. Lucha a -10 debido a daños en los nervios.;Golpe veloz rompe el arma del escudo. Aturdido por 2 rondas. -15PV;Impacto entumecedor. Los brazos quedan inutilizados debido a daños en el nervio. Lucha a -25.
76;Golpe débil al abdomen. El enemigo queda aturdido durante 3 rondas y no puede defenderse la siguiente ronda. -20PV;Impacto a los pies derrumba al enemigo. El enemigo esta caído y fuera de combate durante 2 rondas y pierde -3PV/rnd. -15PV;Golpe noquea al enemigo. Queda incapacitado por 2 rondas y lucha a -15 debido a sangrado interno. -15PV;Impacto rompe el brazo del arma. El enemigo lucha a -20. Aturdido por 2 rondas. -15PV;Impresionante impacto en el pecho aturde al enemigo por 10 rondas y lo noquea al suelo. Lucha a -30. -30PV
77;Golpe débil al abdomen. El enemigo queda aturdido durante 3 rondas y no puede defenderse la siguiente ronda. -20PV;Impacto a los pies derrumba al enemigo. El enemigo esta caído y fuera de combate durante 2 rondas y pierde -3PV/rnd. -15PV;Golpe noquea al enemigo. Queda incapacitado por 2 rondas y lucha a -15 debido a sangrado interno. -15PV;Impacto rompe el brazo del arma. El enemigo lucha a -20. Aturdido por 2 rondas. -15PV;Impresionante impacto en el pecho aturde al enemigo por 10 rondas y lo noquea al suelo. Lucha a -30. -30PV
78;Golpe débil al abdomen. El enemigo queda aturdido durante 3 rondas y no puede defenderse la siguiente ronda. -20PV;Impacto a los pies derrumba al enemigo. El enemigo esta caído y fuera de combate durante 2 rondas y pierde -3PV/rnd. -15PV;Golpe noquea al enemigo. Queda incapacitado por 2 rondas y lucha a -15 debido a sangrado interno. -15PV;Impacto rompe el brazo del arma. El enemigo lucha a -20. Aturdido por 2 rondas. -15PV;Impresionante impacto en el pecho aturde al enemigo por 10 rondas y lo noquea al suelo. Lucha a -30. -30PV
79;Golpe débil al abdomen. El enemigo queda aturdido durante 3 rondas y no puede defenderse la siguiente ronda. -20PV;Impacto a los pies derrumba al enemigo. El enemigo esta caído y fuera de combate durante 2 rondas y pierde -3PV/rnd. -15PV;Golpe noquea al enemigo. Queda incapacitado por 2 rondas y lucha a -15 debido a sangrado interno. -15PV;Impacto rompe el brazo del arma. El enemigo lucha a -20. Aturdido por 2 rondas. -15PV;Impresionante impacto en el pecho aturde al enemigo por 10 rondas y lo noquea al suelo. Lucha a -30. -30PV
80;Golpe débil al abdomen. El enemigo queda aturdido durante 3 rondas y no puede defenderse la siguiente ronda. -20PV;Impacto a los pies derrumba al enemigo. El enemigo esta caído y fuera de combate durante 2 rondas y pierde -3PV/rnd. -15PV;Golpe noquea al enemigo. Queda incapacitado por 2 rondas y lucha a -15 debido a sangrado interno. -15PV;Impacto rompe el brazo del arma. El enemigo lucha a -20. Aturdido por 2 rondas. -15PV;Impresionante impacto en el pecho aturde al enemigo por 10 rondas y lo noquea al suelo. Lucha a -30. -30PV
81;Desgarrador golpe a la espalda rompe costillas y larte cartílagos. El enemigo queda aturdido y no puede defenderse durante 1 turno, y pelea con -25. -15PV;Golpe horizontal fractura costillas y quema piel. Aturdido durante 2 turnos. Lucha a -25. -3PV/rnd debido a quemaduras. -15PV;Ráfaga abrasa la piel creando ampollas. El enemigo queda aturdido durante 2 rondas, lucha a -25, y pierde -3PV/rnd. -20PV;El enemigo intenta desviar el impacto con sus manos. El pobre infeliz se queda K.O. durante 3 rondas y sufre -3PV por turno. -25PV;Golpe lateral se abre paso entre órganos. El enemigo muere después de 6 dolorosas rondas de inactividad. -35PV
82;Desgarrador golpe a la espalda rompe costillas y larte cartílagos. El enemigo queda aturdido y no puede defenderse durante 1 turno, y pelea con -25. -15PV;Golpe horizontal fractura costillas y quema piel. Aturdido durante 2 turnos. Lucha a -25. -3PV/rnd debido a quemaduras. -15PV;Ráfaga abrasa la piel creando ampollas. El enemigo queda aturdido durante 2 rondas, lucha a -25, y pierde -3PV/rnd. -20PV;El enemigo intenta desviar el impacto con sus manos. El pobre infeliz se queda K.O. durante 3 rondas y sufre -3PV por turno. -25PV;Golpe lateral se abre paso entre órganos. El enemigo muere después de 6 dolorosas rondas de inactividad. -35PV
83;Desgarrador golpe a la espalda rompe costillas y larte cartílagos. El enemigo queda aturdido y no puede defenderse durante 1 turno, y pelea con -25. -15PV;Golpe horizontal fractura costillas y quema piel. Aturdido durante 2 turnos. Lucha a -25. -3PV/rnd debido a quemaduras. -15PV;Ráfaga abrasa la piel creando ampollas. El enemigo queda aturdido durante 2 rondas, lucha a -25, y pierde -3PV/rnd. -20PV;El enemigo intenta desviar el impacto con sus manos. El pobre infeliz se queda K.O. durante 3 rondas y sufre -3PV por turno. -25PV;Golpe lateral se abre paso entre órganos. El enemigo muere después de 6 dolorosas rondas de inactividad. -35PV
84;Desgarrador golpe a la espalda rompe costillas y larte cartílagos. El enemigo queda aturdido y no puede defenderse durante 1 turno, y pelea con -25. -15PV;Golpe horizontal fractura costillas y quema piel. Aturdido durante 2 turnos. Lucha a -25. -3PV/rnd debido a quemaduras. -15PV;Ráfaga abrasa la piel creando ampollas. El enemigo queda aturdido durante 2 rondas, lucha a -25, y pierde -3PV/rnd. -20PV;El enemigo intenta desviar el impacto con sus manos. El pobre infeliz se queda K.O. durante 3 rondas y sufre -3PV por turno. -25PV;Golpe lateral se abre paso entre órganos. El enemigo muere después de 6 dolorosas rondas de inactividad. -35PV
85;Desgarrador golpe a la espalda rompe costillas y larte cartílagos. El enemigo queda aturdido y no puede defenderse durante 1 turno, y pelea con -25. -15PV;Golpe horizontal fractura costillas y quema piel. Aturdido durante 2 turnos. Lucha a -25. -3PV/rnd debido a quemaduras. -15PV;Ráfaga abrasa la piel creando ampollas. El enemigo queda aturdido durante 2 rondas, lucha a -25, y pierde -3PV/rnd. -20PV;El enemigo intenta desviar el impacto con sus manos. El pobre infeliz se queda K.O. durante 3 rondas y sufre -3PV por turno. -25PV;Golpe lateral se abre paso entre órganos. El enemigo muere después de 6 dolorosas rondas de inactividad. -35PV
86;Una ráfaga brutal derriba al enemigo. Aturdido durante 2 rondas. El enemigo pelea a -50. -15PV;Golpe a la pantorrilla quema el músculo. Aturdido 3 rondas. Lucha a -50. -25PV;Impacto quiebra la cadera. El enemigo lucha a -40 y es aturdido por 3 rondas. -20PV;Impacto estruja el abdómen. El enemigo muere en 4 rondas. -25PV;Golpe de calor, la espina dorsal es derretida y el enemigo muere de shock masivo en 3 rondas. -35PV
87;Una ráfaga brutal derriba al enemigo. Aturdido durante 2 rondas. El enemigo pelea a -50. -15PV;Golpe a la pantorrilla quema el músculo. Aturdido 3 rondas. Lucha a -50. -25PV;Impacto quiebra la cadera. El enemigo lucha a -40 y es aturdido por 3 rondas. -20PV;Impacto estruja el abdómen. El enemigo muere en 4 rondas. -25PV;Golpe de calor, la espina dorsal es derretida y el enemigo muere de shock masivo en 3 rondas. -35PV
88;Una ráfaga brutal derriba al enemigo. Aturdido durante 2 rondas. El enemigo pelea a -50. -15PV;Golpe a la pantorrilla quema el músculo. Aturdido 3 rondas. Lucha a -50. -25PV;Impacto quiebra la cadera. El enemigo lucha a -40 y es aturdido por 3 rondas. -20PV;Impacto estruja el abdómen. El enemigo muere en 4 rondas. -25PV;Golpe de calor, la espina dorsal es derretida y el enemigo muere de shock masivo en 3 rondas. -35PV
89;Una ráfaga brutal derriba al enemigo. Aturdido durante 2 rondas. El enemigo pelea a -50. -15PV;Golpe a la pantorrilla quema el músculo. Aturdido 3 rondas. Lucha a -50. -25PV;Impacto quiebra la cadera. El enemigo lucha a -40 y es aturdido por 3 rondas. -20PV;Impacto estruja el abdómen. El enemigo muere en 4 rondas. -25PV;Golpe de calor, la espina dorsal es derretida y el enemigo muere de shock masivo en 3 rondas. -35PV
90;Una ráfaga brutal derriba al enemigo. Aturdido durante 2 rondas. El enemigo pelea a -50. -15PV;Golpe a la pantorrilla quema el músculo. Aturdido 3 rondas. Lucha a -50. -25PV;Impacto quiebra la cadera. El enemigo lucha a -40 y es aturdido por 3 rondas. -20PV;Impacto estruja el abdómen. El enemigo muere en 4 rondas. -25PV;Golpe de calor, la espina dorsal es derretida y el enemigo muere de shock masivo en 3 rondas. -35PV
91;Un golpe aplastante le rompe la cadera. El enemigo pelea a -50 y queda aturdido durante 3 rondas. -25PV;"Golpe a la sién. Si el enemigo lleva yelmo es enviado a un coma permanente; si no, muere.-30PV ";El golpe retuerce y rompe la cadera. El enemigo pierde -5PV/rnd y lucha a -60. -25PV;Fragmentos incandescentes de mandíbulallegan al cerebro del enemigo. El enemigo muere en 3 rondas. -55PV;Shock pulsa través del sistema nervioso del enemigo. El enemigo muere en 6 rondas. -35PV
92;Un golpe aplastante le rompe la cadera. El enemigo pelea a -50 y queda aturdido durante 3 rondas. -25PV;"Golpe a la sién. Si el enemigo lleva yelmo es enviado a un coma permanente; si no, muere.-30PV ";El golpe retuerce y rompe la cadera. El enemigo pierde -5PV/rnd y lucha a -60. -25PV;Fragmentos incandescentes de mandíbulallegan al cerebro del enemigo. El enemigo muere en 3 rondas. -55PV;Shock pulsa través del sistema nervioso del enemigo. El enemigo muere en 6 rondas. -35PV
93;Un golpe aplastante le rompe la cadera. El enemigo pelea a -50 y queda aturdido durante 3 rondas. -25PV;"Golpe a la sién. Si el enemigo lleva yelmo es enviado a un coma permanente; si no, muere.-30PV ";El golpe retuerce y rompe la cadera. El enemigo pierde -5PV/rnd y lucha a -60. -25PV;Fragmentos incandescentes de mandíbulallegan al cerebro del enemigo. El enemigo muere en 3 rondas. -55PV;Shock pulsa través del sistema nervioso del enemigo. El enemigo muere en 6 rondas. -35PV
94;Un golpe aplastante le rompe la cadera. El enemigo pelea a -50 y queda aturdido durante 3 rondas. -25PV;"Golpe a la sién. Si el enemigo lleva yelmo es enviado a un coma permanente; si no, muere.-30PV ";El golpe retuerce y rompe la cadera. El enemigo pierde -5PV/rnd y lucha a -60. -25PV;Fragmentos incandescentes de mandíbulallegan al cerebro del enemigo. El enemigo muere en 3 rondas. -55PV;Shock pulsa través del sistema nervioso del enemigo. El enemigo muere en 6 rondas. -35PV
95;Un golpe aplastante le rompe la cadera. El enemigo pelea a -50 y queda aturdido durante 3 rondas. -25PV;"Golpe a la sién. Si el enemigo lleva yelmo es enviado a un coma permanente; si no, muere.-30PV ";El golpe retuerce y rompe la cadera. El enemigo pierde -5PV/rnd y lucha a -60. -25PV;Fragmentos incandescentes de mandíbulallegan al cerebro del enemigo. El enemigo muere en 3 rondas. -55PV;Shock pulsa través del sistema nervioso del enemigo. El enemigo muere en 6 rondas. -35PV
96;"El golpe hace contacto con la cabeza y el cuello. Si el enemigo tiene el yelmo, queda noqueado; si no, muere en 3 rondas. -25PV";El golpe en forma de cuña secciona la tráquea. El enemigo muere en 12 rondas. -30PV;Los pies del enemigo son engullidos. El enemigo es incapacitado durante 9 rondas. -6PV/rnd. Lucha a -75. -25PV;Al enemigo se le lleva de plasma los pulmones. El enemigo muere en 1 turno. -25PV;El cuerpo del enemigo es una humeante, arruinada pulpa. Añade  +20 a tu siguiente tirada.
97;"El golpe hace contacto con la cabeza y el cuello. Si el enemigo tiene el yelmo, queda noqueado; si no, muere en 3 rondas. -25PV";El golpe en forma de cuña secciona la tráquea. El enemigo muere en 12 rondas. -30PV;Los pies del enemigo son engullidos. El enemigo es incapacitado durante 9 rondas. -6PV/rnd. Lucha a -75. -25PV;Al enemigo se le lleva de plasma los pulmones. El enemigo muere en 1 turno. -25PV;El cuerpo del enemigo es una humeante, arruinada pulpa. Añade  +20 a tu siguiente tirada.
98;"El golpe hace contacto con la cabeza y el cuello. Si el enemigo tiene el yelmo, queda noqueado; si no, muere en 3 rondas. -25PV";El golpe en forma de cuña secciona la tráquea. El enemigo muere en 12 rondas. -30PV;Los pies del enemigo son engullidos. El enemigo es incapacitado durante 9 rondas. -6PV/rnd. Lucha a -75. -25PV;Al enemigo se le lleva de plasma los pulmones. El enemigo muere en 1 turno. -25PV;El cuerpo del enemigo es una humeante, arruinada pulpa. Añade  +20 a tu siguiente tirada.
99;"El golpe hace contacto con la cabeza y el cuello. Si el enemigo tiene el yelmo, queda noqueado; si no, muere en 3 rondas. -25PV";El golpe en forma de cuña secciona la tráquea. El enemigo muere en 12 rondas. -30PV;Los pies del enemigo son engullidos. El enemigo es incapacitado durante 9 rondas. -6PV/rnd. Lucha a -75. -25PV;Al enemigo se le lleva de plasma los pulmones. El enemigo muere en 1 turno. -25PV;El cuerpo del enemigo es una humeante, arruinada pulpa. Añade  +20 a tu siguiente tirada.
100;"Golpe en la cabeza. Si el enemigo tiene el yelmo, queda noqueado; si no, muere en 3 turnos debido a shock y fracturas. -30PV";La ráfaga marchita todo por debajo del cuello el enemigo queda tetrapléjico permanentemente. -40PV. Añade +10 a tu siguiente tirada.;Una ráfaga chisporroteante pasa a través de ambos ojos hasta el cerebro, matando al enemigo.;Los pulmones y corazón del enemigo se queman e implosionan. -30PV. Añade +25 a tu siguiente rol.;El infortunado enemigo es reducido a un charco fundido. Trae una fregona.
